number,code,emoji,emoji-symbol,title
0001,u+1f600,grinning_face,ğŸ˜€,grinning face
0002,u+1f603,grinning_face_with_big_eyes,ğŸ˜ƒ,grinning face with big eyes
0003,u+1f604,grinning_face_with_smiling_eyes,ğŸ˜„,grinning face with smiling eyes
0004,u+1f601,beaming_face_with_smiling_eyes,ğŸ˜,beaming face with smiling eyes
0005,u+1f606,grinning_squinting_face,ğŸ˜†,grinning squinting face
0006,u+1f605,grinning_face_with_sweat,ğŸ˜…,grinning face with sweat
0007,u+1f923,rolling_on_the_floor_laughing,ğŸ¤£,rolling on the floor laughing
0008,u+1f602,face_with_tears_of_joy,ğŸ˜‚,face with tears of joy
0009,u+1f642,slightly_smiling_face,ğŸ™‚,slightly smiling face
0010,u+1f643,upside_down_face,ğŸ™ƒ,upside-down face
0011,u+1f609,winking_face,ğŸ˜‰,winking face
0012,u+1f60a,smiling_face_with_smiling_eyes,ğŸ˜Š,smiling face with smiling eyes
0013,u+1f607,smiling_face_with_halo,ğŸ˜‡,smiling face with halo
0014,u+1f970,smiling_face_with_hearts,ğŸ¥°,smiling face with hearts
0015,u+1f60d,smiling_face_with_heart_eyes,ğŸ˜,smiling face with heart-eyes
0016,u+1f929,star_struck,ğŸ¤©,star-struck
0017,u+1f618,face_blowing_a_kiss,ğŸ˜˜,face blowing a kiss
0018,u+1f617,kissing_face,ğŸ˜—,kissing face
0019,u+263a,smiling_face,â˜º,smiling face
0020,u+1f61a,kissing_face_with_closed_eyes,ğŸ˜š,kissing face with closed eyes
0021,u+1f619,kissing_face_with_smiling_eyes,ğŸ˜™,kissing face with smiling eyes
0022,u+1f972,smiling_face_with_tear,ğŸ¥²,smiling face with tear
0023,u+1f60b,face_savoring_food,ğŸ˜‹,face savoring food
0024,u+1f61b,face_with_tongue,ğŸ˜›,face with tongue
0025,u+1f61c,winking_face_with_tongue,ğŸ˜œ,winking face with tongue
0026,u+1f92a,zany_face,ğŸ¤ª,zany face
0027,u+1f61d,squinting_face_with_tongue,ğŸ˜,squinting face with tongue
0028,u+1f911,money_mouth_face,ğŸ¤‘,money-mouth face
0029,u+1f917,hugging_face,ğŸ¤—,hugging face
0030,u+1f92d,face_with_hand_over_mouth,ğŸ¤­,face with hand over mouth
0031,u+1f92b,shushing_face,ğŸ¤«,shushing face
0032,u+1f914,thinking_face,ğŸ¤”,thinking face
0033,u+1f910,zipper_mouth_face,ğŸ¤,zipper-mouth face
0034,u+1f928,face_with_raised_eyebrow,ğŸ¤¨,face with raised eyebrow
0035,u+1f610,neutral_face,ğŸ˜,neutral face
0036,u+1f611,expressionless_face,ğŸ˜‘,expressionless face
0037,u+1f636,face_without_mouth,ğŸ˜¶,face without mouth
0038,u+1f636-u+200d-u+1f32b-u+fe0f,face_in_clouds,ğŸ˜¶â€ğŸŒ«ï¸,face in clouds
0039,u+1f60f,smirking_face,ğŸ˜,smirking face
0040,u+1f612,unamused_face,ğŸ˜’,unamused face
0041,u+1f644,face_with_rolling_eyes,ğŸ™„,face with rolling eyes
0042,u+1f62c,grimacing_face,ğŸ˜¬,grimacing face
0043,u+1f62e-u+200d-u+1f4a8,face_exhaling,ğŸ˜®â€ğŸ’¨,face exhaling
0044,u+1f925,lying_face,ğŸ¤¥,lying face
0045,u+1f60c,relieved_face,ğŸ˜Œ,relieved face
0046,u+1f614,pensive_face,ğŸ˜”,pensive face
0047,u+1f62a,sleepy_face,ğŸ˜ª,sleepy face
0048,u+1f924,drooling_face,ğŸ¤¤,drooling face
0049,u+1f634,sleeping_face,ğŸ˜´,sleeping face
0050,u+1f637,face_with_medical_mask,ğŸ˜·,face with medical mask
0051,u+1f912,face_with_thermometer,ğŸ¤’,face with thermometer
0052,u+1f915,face_with_head_bandage,ğŸ¤•,face with head-bandage
0053,u+1f922,nauseated_face,ğŸ¤¢,nauseated face
0054,u+1f92e,face_vomiting,ğŸ¤®,face vomiting
0055,u+1f927,sneezing_face,ğŸ¤§,sneezing face
0056,u+1f975,hot_face,ğŸ¥µ,hot face
0057,u+1f976,cold_face,ğŸ¥¶,cold face
0058,u+1f974,woozy_face,ğŸ¥´,woozy face
0059,u+1f635,knocked_out_face,ğŸ˜µ,knocked-out face
0060,u+1f635-u+200d-u+1f4ab,face_with_spiral_eyes,ğŸ˜µâ€ğŸ’«,face with spiral eyes
0061,u+1f92f,exploding_head,ğŸ¤¯,exploding head
0062,u+1f920,cowboy_hat_face,ğŸ¤ ,cowboy hat face
0063,u+1f973,partying_face,ğŸ¥³,partying face
0064,u+1f978,disguised_face,ğŸ¥¸,disguised face
0065,u+1f60e,smiling_face_with_sunglasses,ğŸ˜,smiling face with sunglasses
0066,u+1f913,nerd_face,ğŸ¤“,nerd face
0067,u+1f9d0,face_with_monocle,ğŸ§,face with monocle
0068,u+1f615,confused_face,ğŸ˜•,confused face
0069,u+1f61f,worried_face,ğŸ˜Ÿ,worried face
0070,u+1f641,slightly_frowning_face,ğŸ™,slightly frowning face
0071,u+2639,frowning_face,â˜¹,frowning face
0072,u+1f62e,face_with_open_mouth,ğŸ˜®,face with open mouth
0073,u+1f62f,hushed_face,ğŸ˜¯,hushed face
0074,u+1f632,astonished_face,ğŸ˜²,astonished face
0075,u+1f633,flushed_face,ğŸ˜³,flushed face
0076,u+1f97a,pleading_face,ğŸ¥º,pleading face
0077,u+1f626,frowning_face_with_open_mouth,ğŸ˜¦,frowning face with open mouth
0078,u+1f627,anguished_face,ğŸ˜§,anguished face
0079,u+1f628,fearful_face,ğŸ˜¨,fearful face
0080,u+1f630,anxious_face_with_sweat,ğŸ˜°,anxious face with sweat
0081,u+1f625,sad_but_relieved_face,ğŸ˜¥,sad but relieved face
0082,u+1f622,crying_face,ğŸ˜¢,crying face
0083,u+1f62d,loudly_crying_face,ğŸ˜­,loudly crying face
0084,u+1f631,face_screaming_in_fear,ğŸ˜±,face screaming in fear
0085,u+1f616,confounded_face,ğŸ˜–,confounded face
0086,u+1f623,persevering_face,ğŸ˜£,persevering face
0087,u+1f61e,disappointed_face,ğŸ˜,disappointed face
0088,u+1f613,downcast_face_with_sweat,ğŸ˜“,downcast face with sweat
0089,u+1f629,weary_face,ğŸ˜©,weary face
0090,u+1f62b,tired_face,ğŸ˜«,tired face
0091,u+1f971,yawning_face,ğŸ¥±,yawning face
0092,u+1f624,face_with_steam_from_nose,ğŸ˜¤,face with steam from nose
0093,u+1f621,pouting_face,ğŸ˜¡,pouting face
0094,u+1f620,angry_face,ğŸ˜ ,angry face
0095,u+1f92c,face_with_symbols_on_mouth,ğŸ¤¬,face with symbols on mouth
0096,u+1f608,smiling_face_with_horns,ğŸ˜ˆ,smiling face with horns
0097,u+1f47f,angry_face_with_horns,ğŸ‘¿,angry face with horns
0098,u+1f480,skull,ğŸ’€,skull
0099,u+2620,skull_and_crossbones,â˜ ,skull and crossbones
0100,u+1f4a9,pile_of_poo,ğŸ’©,pile of poo
0101,u+1f921,clown_face,ğŸ¤¡,clown face
0102,u+1f479,ogre,ğŸ‘¹,ogre
0103,u+1f47a,goblin,ğŸ‘º,goblin
0104,u+1f47b,ghost,ğŸ‘»,ghost
0105,u+1f47d,alien,ğŸ‘½,alien
0106,u+1f47e,alien_monster,ğŸ‘¾,alien monster
0107,u+1f916,robot,ğŸ¤–,robot
0108,u+1f63a,grinning_cat,ğŸ˜º,grinning cat
0109,u+1f638,grinning_cat_with_smiling_eyes,ğŸ˜¸,grinning cat with smiling eyes
0110,u+1f639,cat_with_tears_of_joy,ğŸ˜¹,cat with tears of joy
0111,u+1f63b,smiling_cat_with_heart_eyes,ğŸ˜»,smiling cat with heart-eyes
0112,u+1f63c,cat_with_wry_smile,ğŸ˜¼,cat with wry smile
0113,u+1f63d,kissing_cat,ğŸ˜½,kissing cat
0114,u+1f640,weary_cat,ğŸ™€,weary cat
0115,u+1f63f,crying_cat,ğŸ˜¿,crying cat
0116,u+1f63e,pouting_cat,ğŸ˜¾,pouting cat
0117,u+1f648,see_no_evil_monkey,ğŸ™ˆ,see-no-evil monkey
0118,u+1f649,hear_no_evil_monkey,ğŸ™‰,hear-no-evil monkey
0119,u+1f64a,speak_no_evil_monkey,ğŸ™Š,speak-no-evil monkey
0120,u+1f48b,kiss_mark,ğŸ’‹,kiss mark
0121,u+1f48c,love_letter,ğŸ’Œ,love letter
0122,u+1f498,heart_with_arrow,ğŸ’˜,heart with arrow
0123,u+1f49d,heart_with_ribbon,ğŸ’,heart with ribbon
0124,u+1f496,sparkling_heart,ğŸ’–,sparkling heart
0125,u+1f497,growing_heart,ğŸ’—,growing heart
0126,u+1f493,beating_heart,ğŸ’“,beating heart
0127,u+1f49e,revolving_hearts,ğŸ’,revolving hearts
0128,u+1f495,two_hearts,ğŸ’•,two hearts
0129,u+1f49f,heart_decoration,ğŸ’Ÿ,heart decoration
0130,u+2763,heart_exclamation,â£,heart exclamation
0131,u+1f494,broken_heart,ğŸ’”,broken heart
0132,u+2764-u+fe0f-u+200d-u+1f525,heart_on_fire,â¤ï¸â€ğŸ”¥,heart on fire
0133,u+2764-u+fe0f-u+200d-u+1fa79,mending_heart,â¤ï¸â€ğŸ©¹,mending heart
0134,u+2764,red_heart,â¤,red heart
0135,u+1f9e1,orange_heart,ğŸ§¡,orange heart
0136,u+1f49b,yellow_heart,ğŸ’›,yellow heart
0137,u+1f49a,green_heart,ğŸ’š,green heart
0138,u+1f499,blue_heart,ğŸ’™,blue heart
0139,u+1f49c,purple_heart,ğŸ’œ,purple heart
0140,u+1f90e,brown_heart,ğŸ¤,brown heart
0141,u+1f5a4,black_heart,ğŸ–¤,black heart
0142,u+1f90d,white_heart,ğŸ¤,white heart
0143,u+1f4af,hundred_points,ğŸ’¯,hundred points
0144,u+1f4a2,anger_symbol,ğŸ’¢,anger symbol
0145,u+1f4a5,collision,ğŸ’¥,collision
0146,u+1f4ab,dizzy,ğŸ’«,dizzy
0147,u+1f4a6,sweat_droplets,ğŸ’¦,sweat droplets
0148,u+1f4a8,dashing_away,ğŸ’¨,dashing away
0149,u+1f573,hole,ğŸ•³,hole
0150,u+1f4a3,bomb,ğŸ’£,bomb
0151,u+1f4ac,speech_balloon,ğŸ’¬,speech balloon
0152,u+1f441-u+fe0f-u+200d-u+1f5e8-u+fe0f,eye_in_speech_bubble,ğŸ‘ï¸â€ğŸ—¨ï¸,eye in speech bubble
0153,u+1f5e8,left_speech_bubble,ğŸ—¨,left speech bubble
0154,u+1f5ef,right_anger_bubble,ğŸ—¯,right anger bubble
0155,u+1f4ad,thought_balloon,ğŸ’­,thought balloon
0156,u+1f4a4,zzz,ğŸ’¤,zzz
0157,u+1f44b,waving_hand,ğŸ‘‹,waving hand
0158,u+1f91a,raised_back_of_hand,ğŸ¤š,raised back of hand
0159,u+1f590,hand_with_fingers_splayed,ğŸ–,hand with fingers splayed
0160,u+270b,raised_hand,âœ‹,raised hand
0161,u+1f596,vulcan_salute,ğŸ––,vulcan salute
0162,u+1f44c,ok_hand,ğŸ‘Œ,OK hand
0163,u+1f90c,pinched_fingers,ğŸ¤Œ,pinched fingers
0164,u+1f90f,pinching_hand,ğŸ¤,pinching hand
0165,u+270c,victory_hand,âœŒ,victory hand
0166,u+1f91e,crossed_fingers,ğŸ¤,crossed fingers
0167,u+1f91f,love_you_gesture,ğŸ¤Ÿ,love-you gesture
0168,u+1f918,sign_of_the_horns,ğŸ¤˜,sign of the horns
0169,u+1f919,call_me_hand,ğŸ¤™,call me hand
0170,u+1f448,backhand_index_pointing_left,ğŸ‘ˆ,backhand index pointing left
0171,u+1f449,backhand_index_pointing_right,ğŸ‘‰,backhand index pointing right
0172,u+1f446,backhand_index_pointing_up,ğŸ‘†,backhand index pointing up
0173,u+1f595,middle_finger,ğŸ–•,middle finger
0174,u+1f447,backhand_index_pointing_down,ğŸ‘‡,backhand index pointing down
0175,u+261d,index_pointing_up,â˜,index pointing up
0176,u+1f44d,thumbs_up,ğŸ‘,thumbs up
0177,u+1f44e,thumbs_down,ğŸ‘,thumbs down
0178,u+270a,raised_fist,âœŠ,raised fist
0179,u+1f44a,oncoming_fist,ğŸ‘Š,oncoming fist
0180,u+1f91b,left_facing_fist,ğŸ¤›,left-facing fist
0181,u+1f91c,right_facing_fist,ğŸ¤œ,right-facing fist
0182,u+1f44f,clapping_hands,ğŸ‘,clapping hands
0183,u+1f64c,raising_hands,ğŸ™Œ,raising hands
0184,u+1f450,open_hands,ğŸ‘,open hands
0185,u+1f932,palms_up_together,ğŸ¤²,palms up together
0186,u+1f91d,handshake,ğŸ¤,handshake
0187,u+1f64f,folded_hands,ğŸ™,folded hands
0188,u+270d,writing_hand,âœ,writing hand
0189,u+1f485,nail_polish,ğŸ’…,nail polish
0190,u+1f933,selfie,ğŸ¤³,selfie
0191,u+1f4aa,flexed_biceps,ğŸ’ª,flexed biceps
0192,u+1f9be,mechanical_arm,ğŸ¦¾,mechanical arm
0193,u+1f9bf,mechanical_leg,ğŸ¦¿,mechanical leg
0194,u+1f9b5,leg,ğŸ¦µ,leg
0195,u+1f9b6,foot,ğŸ¦¶,foot
0196,u+1f442,ear,ğŸ‘‚,ear
0197,u+1f9bb,ear_with_hearing_aid,ğŸ¦»,ear with hearing aid
0198,u+1f443,nose,ğŸ‘ƒ,nose
0199,u+1f9e0,brain,ğŸ§ ,brain
0200,u+1fac0,anatomical_heart,ğŸ«€,anatomical heart
0201,u+1fac1,lungs,ğŸ«,lungs
0202,u+1f9b7,tooth,ğŸ¦·,tooth
0203,u+1f9b4,bone,ğŸ¦´,bone
0204,u+1f440,eyes,ğŸ‘€,eyes
0205,u+1f441,eye,ğŸ‘,eye
0206,u+1f445,tongue,ğŸ‘…,tongue
0207,u+1f444,mouth,ğŸ‘„,mouth
0208,u+1f476,baby,ğŸ‘¶,baby
0209,u+1f9d2,child,ğŸ§’,child
0210,u+1f466,boy,ğŸ‘¦,boy
0211,u+1f467,girl,ğŸ‘§,girl
0212,u+1f9d1,person,ğŸ§‘,person
0213,u+1f471,person_blond_hair,ğŸ‘±,"""person: blond hair"""
0214,u+1f468,man,ğŸ‘¨,man
0215,u+1f9d4,person_beard,ğŸ§”,"""person: beard"""
0216,u+1f9d4-u+200d-u+2642-u+fe0f,man_beard,ğŸ§”â€â™‚ï¸,"""man: beard"""
0217,u+1f9d4-u+200d-u+2640-u+fe0f,woman_beard,ğŸ§”â€â™€ï¸,"""woman: beard"""
0218,u+1f468-u+200d-u+1f9b0,man_red_hair,ğŸ‘¨â€ğŸ¦°,"""man: red hair"""
0219,u+1f468-u+200d-u+1f9b1,man_curly_hair,ğŸ‘¨â€ğŸ¦±,"""man: curly hair"""
0220,u+1f468-u+200d-u+1f9b3,man_white_hair,ğŸ‘¨â€ğŸ¦³,"""man: white hair"""
0221,u+1f468-u+200d-u+1f9b2,man_bald,ğŸ‘¨â€ğŸ¦²,"""man: bald"""
0222,u+1f469,woman,ğŸ‘©,woman
0223,u+1f469-u+200d-u+1f9b0,woman_red_hair,ğŸ‘©â€ğŸ¦°,"""woman: red hair"""
0224,u+1f9d1-u+200d-u+1f9b0,person_red_hair,ğŸ§‘â€ğŸ¦°,"""person: red hair"""
0225,u+1f469-u+200d-u+1f9b1,woman_curly_hair,ğŸ‘©â€ğŸ¦±,"""woman: curly hair"""
0226,u+1f9d1-u+200d-u+1f9b1,person_curly_hair,ğŸ§‘â€ğŸ¦±,"""person: curly hair"""
0227,u+1f469-u+200d-u+1f9b3,woman_white_hair,ğŸ‘©â€ğŸ¦³,"""woman: white hair"""
0228,u+1f9d1-u+200d-u+1f9b3,person_white_hair,ğŸ§‘â€ğŸ¦³,"""person: white hair"""
0229,u+1f469-u+200d-u+1f9b2,woman_bald,ğŸ‘©â€ğŸ¦²,"""woman: bald"""
0230,u+1f9d1-u+200d-u+1f9b2,person_bald,ğŸ§‘â€ğŸ¦²,"""person: bald"""
0231,u+1f471-u+200d-u+2640-u+fe0f,woman_blond_hair,ğŸ‘±â€â™€ï¸,"""woman: blond hair"""
0232,u+1f471-u+200d-u+2642-u+fe0f,man_blond_hair,ğŸ‘±â€â™‚ï¸,"""man: blond hair"""
0233,u+1f9d3,older_person,ğŸ§“,older person
0234,u+1f474,old_man,ğŸ‘´,old man
0235,u+1f475,old_woman,ğŸ‘µ,old woman
0236,u+1f64d,person_frowning,ğŸ™,person frowning
0237,u+1f64d-u+200d-u+2642-u+fe0f,man_frowning,ğŸ™â€â™‚ï¸,man frowning
0238,u+1f64d-u+200d-u+2640-u+fe0f,woman_frowning,ğŸ™â€â™€ï¸,woman frowning
0239,u+1f64e,person_pouting,ğŸ™,person pouting
0240,u+1f64e-u+200d-u+2642-u+fe0f,man_pouting,ğŸ™â€â™‚ï¸,man pouting
0241,u+1f64e-u+200d-u+2640-u+fe0f,woman_pouting,ğŸ™â€â™€ï¸,woman pouting
0242,u+1f645,person_gesturing_no,ğŸ™…,person gesturing NO
0243,u+1f645-u+200d-u+2642-u+fe0f,man_gesturing_no,ğŸ™…â€â™‚ï¸,man gesturing NO
0244,u+1f645-u+200d-u+2640-u+fe0f,woman_gesturing_no,ğŸ™…â€â™€ï¸,woman gesturing NO
0245,u+1f646,person_gesturing_ok,ğŸ™†,person gesturing OK
0246,u+1f646-u+200d-u+2642-u+fe0f,man_gesturing_ok,ğŸ™†â€â™‚ï¸,man gesturing OK
0247,u+1f646-u+200d-u+2640-u+fe0f,woman_gesturing_ok,ğŸ™†â€â™€ï¸,woman gesturing OK
0248,u+1f481,person_tipping_hand,ğŸ’,person tipping hand
0249,u+1f481-u+200d-u+2642-u+fe0f,man_tipping_hand,ğŸ’â€â™‚ï¸,man tipping hand
0250,u+1f481-u+200d-u+2640-u+fe0f,woman_tipping_hand,ğŸ’â€â™€ï¸,woman tipping hand
0251,u+1f64b,person_raising_hand,ğŸ™‹,person raising hand
0252,u+1f64b-u+200d-u+2642-u+fe0f,man_raising_hand,ğŸ™‹â€â™‚ï¸,man raising hand
0253,u+1f64b-u+200d-u+2640-u+fe0f,woman_raising_hand,ğŸ™‹â€â™€ï¸,woman raising hand
0254,u+1f9cf,deaf_person,ğŸ§,deaf person
0255,u+1f9cf-u+200d-u+2642-u+fe0f,deaf_man,ğŸ§â€â™‚ï¸,deaf man
0256,u+1f9cf-u+200d-u+2640-u+fe0f,deaf_woman,ğŸ§â€â™€ï¸,deaf woman
0257,u+1f647,person_bowing,ğŸ™‡,person bowing
0258,u+1f647-u+200d-u+2642-u+fe0f,man_bowing,ğŸ™‡â€â™‚ï¸,man bowing
0259,u+1f647-u+200d-u+2640-u+fe0f,woman_bowing,ğŸ™‡â€â™€ï¸,woman bowing
0260,u+1f926,person_facepalming,ğŸ¤¦,person facepalming
0261,u+1f926-u+200d-u+2642-u+fe0f,man_facepalming,ğŸ¤¦â€â™‚ï¸,man facepalming
0262,u+1f926-u+200d-u+2640-u+fe0f,woman_facepalming,ğŸ¤¦â€â™€ï¸,woman facepalming
0263,u+1f937,person_shrugging,ğŸ¤·,person shrugging
0264,u+1f937-u+200d-u+2642-u+fe0f,man_shrugging,ğŸ¤·â€â™‚ï¸,man shrugging
0265,u+1f937-u+200d-u+2640-u+fe0f,woman_shrugging,ğŸ¤·â€â™€ï¸,woman shrugging
0266,u+1f9d1-u+200d-u+2695-u+fe0f,health_worker,ğŸ§‘â€âš•ï¸,health worker
0267,u+1f468-u+200d-u+2695-u+fe0f,man_health_worker,ğŸ‘¨â€âš•ï¸,man health worker
0268,u+1f469-u+200d-u+2695-u+fe0f,woman_health_worker,ğŸ‘©â€âš•ï¸,woman health worker
0269,u+1f9d1-u+200d-u+1f393,student,ğŸ§‘â€ğŸ“,student
0270,u+1f468-u+200d-u+1f393,man_student,ğŸ‘¨â€ğŸ“,man student
0271,u+1f469-u+200d-u+1f393,woman_student,ğŸ‘©â€ğŸ“,woman student
0272,u+1f9d1-u+200d-u+1f3eb,teacher,ğŸ§‘â€ğŸ«,teacher
0273,u+1f468-u+200d-u+1f3eb,man_teacher,ğŸ‘¨â€ğŸ«,man teacher
0274,u+1f469-u+200d-u+1f3eb,woman_teacher,ğŸ‘©â€ğŸ«,woman teacher
0275,u+1f9d1-u+200d-u+2696-u+fe0f,judge,ğŸ§‘â€âš–ï¸,judge
0276,u+1f468-u+200d-u+2696-u+fe0f,man_judge,ğŸ‘¨â€âš–ï¸,man judge
0277,u+1f469-u+200d-u+2696-u+fe0f,woman_judge,ğŸ‘©â€âš–ï¸,woman judge
0278,u+1f9d1-u+200d-u+1f33e,farmer,ğŸ§‘â€ğŸŒ¾,farmer
0279,u+1f468-u+200d-u+1f33e,man_farmer,ğŸ‘¨â€ğŸŒ¾,man farmer
0280,u+1f469-u+200d-u+1f33e,woman_farmer,ğŸ‘©â€ğŸŒ¾,woman farmer
0281,u+1f9d1-u+200d-u+1f373,cook,ğŸ§‘â€ğŸ³,cook
0282,u+1f468-u+200d-u+1f373,man_cook,ğŸ‘¨â€ğŸ³,man cook
0283,u+1f469-u+200d-u+1f373,woman_cook,ğŸ‘©â€ğŸ³,woman cook
0284,u+1f9d1-u+200d-u+1f527,mechanic,ğŸ§‘â€ğŸ”§,mechanic
0285,u+1f468-u+200d-u+1f527,man_mechanic,ğŸ‘¨â€ğŸ”§,man mechanic
0286,u+1f469-u+200d-u+1f527,woman_mechanic,ğŸ‘©â€ğŸ”§,woman mechanic
0287,u+1f9d1-u+200d-u+1f3ed,factory_worker,ğŸ§‘â€ğŸ­,factory worker
0288,u+1f468-u+200d-u+1f3ed,man_factory_worker,ğŸ‘¨â€ğŸ­,man factory worker
0289,u+1f469-u+200d-u+1f3ed,woman_factory_worker,ğŸ‘©â€ğŸ­,woman factory worker
0290,u+1f9d1-u+200d-u+1f4bc,office_worker,ğŸ§‘â€ğŸ’¼,office worker
0291,u+1f468-u+200d-u+1f4bc,man_office_worker,ğŸ‘¨â€ğŸ’¼,man office worker
0292,u+1f469-u+200d-u+1f4bc,woman_office_worker,ğŸ‘©â€ğŸ’¼,woman office worker
0293,u+1f9d1-u+200d-u+1f52c,scientist,ğŸ§‘â€ğŸ”¬,scientist
0294,u+1f468-u+200d-u+1f52c,man_scientist,ğŸ‘¨â€ğŸ”¬,man scientist
0295,u+1f469-u+200d-u+1f52c,woman_scientist,ğŸ‘©â€ğŸ”¬,woman scientist
0296,u+1f9d1-u+200d-u+1f4bb,technologist,ğŸ§‘â€ğŸ’»,technologist
0297,u+1f468-u+200d-u+1f4bb,man_technologist,ğŸ‘¨â€ğŸ’»,man technologist
0298,u+1f469-u+200d-u+1f4bb,woman_technologist,ğŸ‘©â€ğŸ’»,woman technologist
0299,u+1f9d1-u+200d-u+1f3a4,singer,ğŸ§‘â€ğŸ¤,singer
0300,u+1f468-u+200d-u+1f3a4,man_singer,ğŸ‘¨â€ğŸ¤,man singer
0301,u+1f469-u+200d-u+1f3a4,woman_singer,ğŸ‘©â€ğŸ¤,woman singer
0302,u+1f9d1-u+200d-u+1f3a8,artist,ğŸ§‘â€ğŸ¨,artist
0303,u+1f468-u+200d-u+1f3a8,man_artist,ğŸ‘¨â€ğŸ¨,man artist
0304,u+1f469-u+200d-u+1f3a8,woman_artist,ğŸ‘©â€ğŸ¨,woman artist
0305,u+1f9d1-u+200d-u+2708-u+fe0f,pilot,ğŸ§‘â€âœˆï¸,pilot
0306,u+1f468-u+200d-u+2708-u+fe0f,man_pilot,ğŸ‘¨â€âœˆï¸,man pilot
0307,u+1f469-u+200d-u+2708-u+fe0f,woman_pilot,ğŸ‘©â€âœˆï¸,woman pilot
0308,u+1f9d1-u+200d-u+1f680,astronaut,ğŸ§‘â€ğŸš€,astronaut
0309,u+1f468-u+200d-u+1f680,man_astronaut,ğŸ‘¨â€ğŸš€,man astronaut
0310,u+1f469-u+200d-u+1f680,woman_astronaut,ğŸ‘©â€ğŸš€,woman astronaut
0311,u+1f9d1-u+200d-u+1f692,firefighter,ğŸ§‘â€ğŸš’,firefighter
0312,u+1f468-u+200d-u+1f692,man_firefighter,ğŸ‘¨â€ğŸš’,man firefighter
0313,u+1f469-u+200d-u+1f692,woman_firefighter,ğŸ‘©â€ğŸš’,woman firefighter
0314,u+1f46e,police_officer,ğŸ‘®,police officer
0315,u+1f46e-u+200d-u+2642-u+fe0f,man_police_officer,ğŸ‘®â€â™‚ï¸,man police officer
0316,u+1f46e-u+200d-u+2640-u+fe0f,woman_police_officer,ğŸ‘®â€â™€ï¸,woman police officer
0317,u+1f575,detective,ğŸ•µ,detective
0318,u+1f575-u+fe0f-u+200d-u+2642-u+fe0f,man_detective,ğŸ•µï¸â€â™‚ï¸,man detective
0319,u+1f575-u+fe0f-u+200d-u+2640-u+fe0f,woman_detective,ğŸ•µï¸â€â™€ï¸,woman detective
0320,u+1f482,guard,ğŸ’‚,guard
0321,u+1f482-u+200d-u+2642-u+fe0f,man_guard,ğŸ’‚â€â™‚ï¸,man guard
0322,u+1f482-u+200d-u+2640-u+fe0f,woman_guard,ğŸ’‚â€â™€ï¸,woman guard
0323,u+1f977,ninja,ğŸ¥·,ninja
0324,u+1f477,construction_worker,ğŸ‘·,construction worker
0325,u+1f477-u+200d-u+2642-u+fe0f,man_construction_worker,ğŸ‘·â€â™‚ï¸,man construction worker
0326,u+1f477-u+200d-u+2640-u+fe0f,woman_construction_worker,ğŸ‘·â€â™€ï¸,woman construction worker
0327,u+1f934,prince,ğŸ¤´,prince
0328,u+1f478,princess,ğŸ‘¸,princess
0329,u+1f473,person_wearing_turban,ğŸ‘³,person wearing turban
0330,u+1f473-u+200d-u+2642-u+fe0f,man_wearing_turban,ğŸ‘³â€â™‚ï¸,man wearing turban
0331,u+1f473-u+200d-u+2640-u+fe0f,woman_wearing_turban,ğŸ‘³â€â™€ï¸,woman wearing turban
0332,u+1f472,person_with_skullcap,ğŸ‘²,person with skullcap
0333,u+1f9d5,woman_with_headscarf,ğŸ§•,woman with headscarf
0334,u+1f935,person_in_tuxedo,ğŸ¤µ,person in tuxedo
0335,u+1f935-u+200d-u+2642-u+fe0f,man_in_tuxedo,ğŸ¤µâ€â™‚ï¸,man in tuxedo
0336,u+1f935-u+200d-u+2640-u+fe0f,woman_in_tuxedo,ğŸ¤µâ€â™€ï¸,woman in tuxedo
0337,u+1f470,person_with_veil,ğŸ‘°,person with veil
0338,u+1f470-u+200d-u+2642-u+fe0f,man_with_veil,ğŸ‘°â€â™‚ï¸,man with veil
0339,u+1f470-u+200d-u+2640-u+fe0f,woman_with_veil,ğŸ‘°â€â™€ï¸,woman with veil
0340,u+1f930,pregnant_woman,ğŸ¤°,pregnant woman
0341,u+1f931,breast_feeding,ğŸ¤±,breast-feeding
0342,u+1f469-u+200d-u+1f37c,woman_feeding_baby,ğŸ‘©â€ğŸ¼,woman feeding baby
0343,u+1f468-u+200d-u+1f37c,man_feeding_baby,ğŸ‘¨â€ğŸ¼,man feeding baby
0344,u+1f9d1-u+200d-u+1f37c,person_feeding_baby,ğŸ§‘â€ğŸ¼,person feeding baby
0345,u+1f47c,baby_angel,ğŸ‘¼,baby angel
0346,u+1f385,santa_claus,ğŸ…,Santa Claus
0347,u+1f936,mrs_claus,ğŸ¤¶,Mrs. Claus
0348,u+1f9d1-u+200d-u+1f384,mx_claus,ğŸ§‘â€ğŸ„,mx claus
0349,u+1f9b8,superhero,ğŸ¦¸,superhero
0350,u+1f9b8-u+200d-u+2642-u+fe0f,man_superhero,ğŸ¦¸â€â™‚ï¸,man superhero
0351,u+1f9b8-u+200d-u+2640-u+fe0f,woman_superhero,ğŸ¦¸â€â™€ï¸,woman superhero
0352,u+1f9b9,supervillain,ğŸ¦¹,supervillain
0353,u+1f9b9-u+200d-u+2642-u+fe0f,man_supervillain,ğŸ¦¹â€â™‚ï¸,man supervillain
0354,u+1f9b9-u+200d-u+2640-u+fe0f,woman_supervillain,ğŸ¦¹â€â™€ï¸,woman supervillain
0355,u+1f9d9,mage,ğŸ§™,mage
0356,u+1f9d9-u+200d-u+2642-u+fe0f,man_mage,ğŸ§™â€â™‚ï¸,man mage
0357,u+1f9d9-u+200d-u+2640-u+fe0f,woman_mage,ğŸ§™â€â™€ï¸,woman mage
0358,u+1f9da,fairy,ğŸ§š,fairy
0359,u+1f9da-u+200d-u+2642-u+fe0f,man_fairy,ğŸ§šâ€â™‚ï¸,man fairy
0360,u+1f9da-u+200d-u+2640-u+fe0f,woman_fairy,ğŸ§šâ€â™€ï¸,woman fairy
0361,u+1f9db,vampire,ğŸ§›,vampire
0362,u+1f9db-u+200d-u+2642-u+fe0f,man_vampire,ğŸ§›â€â™‚ï¸,man vampire
0363,u+1f9db-u+200d-u+2640-u+fe0f,woman_vampire,ğŸ§›â€â™€ï¸,woman vampire
0364,u+1f9dc,merperson,ğŸ§œ,merperson
0365,u+1f9dc-u+200d-u+2642-u+fe0f,merman,ğŸ§œâ€â™‚ï¸,merman
0366,u+1f9dc-u+200d-u+2640-u+fe0f,mermaid,ğŸ§œâ€â™€ï¸,mermaid
0367,u+1f9dd,elf,ğŸ§,elf
0368,u+1f9dd-u+200d-u+2642-u+fe0f,man_elf,ğŸ§â€â™‚ï¸,man elf
0369,u+1f9dd-u+200d-u+2640-u+fe0f,woman_elf,ğŸ§â€â™€ï¸,woman elf
0370,u+1f9de,genie,ğŸ§,genie
0371,u+1f9de-u+200d-u+2642-u+fe0f,man_genie,ğŸ§â€â™‚ï¸,man genie
0372,u+1f9de-u+200d-u+2640-u+fe0f,woman_genie,ğŸ§â€â™€ï¸,woman genie
0373,u+1f9df,zombie,ğŸ§Ÿ,zombie
0374,u+1f9df-u+200d-u+2642-u+fe0f,man_zombie,ğŸ§Ÿâ€â™‚ï¸,man zombie
0375,u+1f9df-u+200d-u+2640-u+fe0f,woman_zombie,ğŸ§Ÿâ€â™€ï¸,woman zombie
0376,u+1f486,person_getting_massage,ğŸ’†,person getting massage
0377,u+1f486-u+200d-u+2642-u+fe0f,man_getting_massage,ğŸ’†â€â™‚ï¸,man getting massage
0378,u+1f486-u+200d-u+2640-u+fe0f,woman_getting_massage,ğŸ’†â€â™€ï¸,woman getting massage
0379,u+1f487,person_getting_haircut,ğŸ’‡,person getting haircut
0380,u+1f487-u+200d-u+2642-u+fe0f,man_getting_haircut,ğŸ’‡â€â™‚ï¸,man getting haircut
0381,u+1f487-u+200d-u+2640-u+fe0f,woman_getting_haircut,ğŸ’‡â€â™€ï¸,woman getting haircut
0382,u+1f6b6,person_walking,ğŸš¶,person walking
0383,u+1f6b6-u+200d-u+2642-u+fe0f,man_walking,ğŸš¶â€â™‚ï¸,man walking
0384,u+1f6b6-u+200d-u+2640-u+fe0f,woman_walking,ğŸš¶â€â™€ï¸,woman walking
0385,u+1f9cd,person_standing,ğŸ§,person standing
0386,u+1f9cd-u+200d-u+2642-u+fe0f,man_standing,ğŸ§â€â™‚ï¸,man standing
0387,u+1f9cd-u+200d-u+2640-u+fe0f,woman_standing,ğŸ§â€â™€ï¸,woman standing
0388,u+1f9ce,person_kneeling,ğŸ§,person kneeling
0389,u+1f9ce-u+200d-u+2642-u+fe0f,man_kneeling,ğŸ§â€â™‚ï¸,man kneeling
0390,u+1f9ce-u+200d-u+2640-u+fe0f,woman_kneeling,ğŸ§â€â™€ï¸,woman kneeling
0391,u+1f9d1-u+200d-u+1f9af,person_with_white_cane,ğŸ§‘â€ğŸ¦¯,person with white cane
0392,u+1f468-u+200d-u+1f9af,man_with_white_cane,ğŸ‘¨â€ğŸ¦¯,man with white cane
0393,u+1f469-u+200d-u+1f9af,woman_with_white_cane,ğŸ‘©â€ğŸ¦¯,woman with white cane
0394,u+1f9d1-u+200d-u+1f9bc,person_in_motorized_wheelchair,ğŸ§‘â€ğŸ¦¼,person in motorized wheelchair
0395,u+1f468-u+200d-u+1f9bc,man_in_motorized_wheelchair,ğŸ‘¨â€ğŸ¦¼,man in motorized wheelchair
0396,u+1f469-u+200d-u+1f9bc,woman_in_motorized_wheelchair,ğŸ‘©â€ğŸ¦¼,woman in motorized wheelchair
0397,u+1f9d1-u+200d-u+1f9bd,person_in_manual_wheelchair,ğŸ§‘â€ğŸ¦½,person in manual wheelchair
0398,u+1f468-u+200d-u+1f9bd,man_in_manual_wheelchair,ğŸ‘¨â€ğŸ¦½,man in manual wheelchair
0399,u+1f469-u+200d-u+1f9bd,woman_in_manual_wheelchair,ğŸ‘©â€ğŸ¦½,woman in manual wheelchair
0400,u+1f3c3,person_running,ğŸƒ,person running
0401,u+1f3c3-u+200d-u+2642-u+fe0f,man_running,ğŸƒâ€â™‚ï¸,man running
0402,u+1f3c3-u+200d-u+2640-u+fe0f,woman_running,ğŸƒâ€â™€ï¸,woman running
0403,u+1f483,woman_dancing,ğŸ’ƒ,woman dancing
0404,u+1f57a,man_dancing,ğŸ•º,man dancing
0405,u+1f574,person_in_suit_levitating,ğŸ•´,person in suit levitating
0406,u+1f46f,people_with_bunny_ears,ğŸ‘¯,people with bunny ears
0407,u+1f46f-u+200d-u+2642-u+fe0f,men_with_bunny_ears,ğŸ‘¯â€â™‚ï¸,men with bunny ears
0408,u+1f46f-u+200d-u+2640-u+fe0f,women_with_bunny_ears,ğŸ‘¯â€â™€ï¸,women with bunny ears
0409,u+1f9d6,person_in_steamy_room,ğŸ§–,person in steamy room
0410,u+1f9d6-u+200d-u+2642-u+fe0f,man_in_steamy_room,ğŸ§–â€â™‚ï¸,man in steamy room
0411,u+1f9d6-u+200d-u+2640-u+fe0f,woman_in_steamy_room,ğŸ§–â€â™€ï¸,woman in steamy room
0412,u+1f9d7,person_climbing,ğŸ§—,person climbing
0413,u+1f9d7-u+200d-u+2642-u+fe0f,man_climbing,ğŸ§—â€â™‚ï¸,man climbing
0414,u+1f9d7-u+200d-u+2640-u+fe0f,woman_climbing,ğŸ§—â€â™€ï¸,woman climbing
0415,u+1f93a,person_fencing,ğŸ¤º,person fencing
0416,u+1f3c7,horse_racing,ğŸ‡,horse racing
0417,u+26f7,skier,â›·,skier
0418,u+1f3c2,snowboarder,ğŸ‚,snowboarder
0419,u+1f3cc,person_golfing,ğŸŒ,person golfing
0420,u+1f3cc-u+fe0f-u+200d-u+2642-u+fe0f,man_golfing,ğŸŒï¸â€â™‚ï¸,man golfing
0421,u+1f3cc-u+fe0f-u+200d-u+2640-u+fe0f,woman_golfing,ğŸŒï¸â€â™€ï¸,woman golfing
0422,u+1f3c4,person_surfing,ğŸ„,person surfing
0423,u+1f3c4-u+200d-u+2642-u+fe0f,man_surfing,ğŸ„â€â™‚ï¸,man surfing
0424,u+1f3c4-u+200d-u+2640-u+fe0f,woman_surfing,ğŸ„â€â™€ï¸,woman surfing
0425,u+1f6a3,person_rowing_boat,ğŸš£,person rowing boat
0426,u+1f6a3-u+200d-u+2642-u+fe0f,man_rowing_boat,ğŸš£â€â™‚ï¸,man rowing boat
0427,u+1f6a3-u+200d-u+2640-u+fe0f,woman_rowing_boat,ğŸš£â€â™€ï¸,woman rowing boat
0428,u+1f3ca,person_swimming,ğŸŠ,person swimming
0429,u+1f3ca-u+200d-u+2642-u+fe0f,man_swimming,ğŸŠâ€â™‚ï¸,man swimming
0430,u+1f3ca-u+200d-u+2640-u+fe0f,woman_swimming,ğŸŠâ€â™€ï¸,woman swimming
0431,u+26f9,person_bouncing_ball,â›¹,person bouncing ball
0432,u+26f9-u+fe0f-u+200d-u+2642-u+fe0f,man_bouncing_ball,â›¹ï¸â€â™‚ï¸,man bouncing ball
0433,u+26f9-u+fe0f-u+200d-u+2640-u+fe0f,woman_bouncing_ball,â›¹ï¸â€â™€ï¸,woman bouncing ball
0434,u+1f3cb,person_lifting_weights,ğŸ‹,person lifting weights
0435,u+1f3cb-u+fe0f-u+200d-u+2642-u+fe0f,man_lifting_weights,ğŸ‹ï¸â€â™‚ï¸,man lifting weights
0436,u+1f3cb-u+fe0f-u+200d-u+2640-u+fe0f,woman_lifting_weights,ğŸ‹ï¸â€â™€ï¸,woman lifting weights
0437,u+1f6b4,person_biking,ğŸš´,person biking
0438,u+1f6b4-u+200d-u+2642-u+fe0f,man_biking,ğŸš´â€â™‚ï¸,man biking
0439,u+1f6b4-u+200d-u+2640-u+fe0f,woman_biking,ğŸš´â€â™€ï¸,woman biking
0440,u+1f6b5,person_mountain_biking,ğŸšµ,person mountain biking
0441,u+1f6b5-u+200d-u+2642-u+fe0f,man_mountain_biking,ğŸšµâ€â™‚ï¸,man mountain biking
0442,u+1f6b5-u+200d-u+2640-u+fe0f,woman_mountain_biking,ğŸšµâ€â™€ï¸,woman mountain biking
0443,u+1f938,person_cartwheeling,ğŸ¤¸,person cartwheeling
0444,u+1f938-u+200d-u+2642-u+fe0f,man_cartwheeling,ğŸ¤¸â€â™‚ï¸,man cartwheeling
0445,u+1f938-u+200d-u+2640-u+fe0f,woman_cartwheeling,ğŸ¤¸â€â™€ï¸,woman cartwheeling
0446,u+1f93c,people_wrestling,ğŸ¤¼,people wrestling
0447,u+1f93c-u+200d-u+2642-u+fe0f,men_wrestling,ğŸ¤¼â€â™‚ï¸,men wrestling
0448,u+1f93c-u+200d-u+2640-u+fe0f,women_wrestling,ğŸ¤¼â€â™€ï¸,women wrestling
0449,u+1f93d,person_playing_water_polo,ğŸ¤½,person playing water polo
0450,u+1f93d-u+200d-u+2642-u+fe0f,man_playing_water_polo,ğŸ¤½â€â™‚ï¸,man playing water polo
0451,u+1f93d-u+200d-u+2640-u+fe0f,woman_playing_water_polo,ğŸ¤½â€â™€ï¸,woman playing water polo
0452,u+1f93e,person_playing_handball,ğŸ¤¾,person playing handball
0453,u+1f93e-u+200d-u+2642-u+fe0f,man_playing_handball,ğŸ¤¾â€â™‚ï¸,man playing handball
0454,u+1f93e-u+200d-u+2640-u+fe0f,woman_playing_handball,ğŸ¤¾â€â™€ï¸,woman playing handball
0455,u+1f939,person_juggling,ğŸ¤¹,person juggling
0456,u+1f939-u+200d-u+2642-u+fe0f,man_juggling,ğŸ¤¹â€â™‚ï¸,man juggling
0457,u+1f939-u+200d-u+2640-u+fe0f,woman_juggling,ğŸ¤¹â€â™€ï¸,woman juggling
0458,u+1f9d8,person_in_lotus_position,ğŸ§˜,person in lotus position
0459,u+1f9d8-u+200d-u+2642-u+fe0f,man_in_lotus_position,ğŸ§˜â€â™‚ï¸,man in lotus position
0460,u+1f9d8-u+200d-u+2640-u+fe0f,woman_in_lotus_position,ğŸ§˜â€â™€ï¸,woman in lotus position
0461,u+1f6c0,person_taking_bath,ğŸ›€,person taking bath
0462,u+1f6cc,person_in_bed,ğŸ›Œ,person in bed
0463,u+1f9d1-u+200d-u+1f91d-u+200d-u+1f9d1,people_holding_hands,ğŸ§‘â€ğŸ¤â€ğŸ§‘,people holding hands
0464,u+1f46d,women_holding_hands,ğŸ‘­,women holding hands
0465,u+1f46b,woman_and_man_holding_hands,ğŸ‘«,woman and man holding hands
0466,u+1f46c,men_holding_hands,ğŸ‘¬,men holding hands
0467,u+1f48f,kiss,ğŸ’,kiss
0468,u+1f469-u+200d-u+2764-u+fe0f-u+200d-u+1f48b-u+200d-u+1f468,kiss_woman_man,ğŸ‘©â€â¤ï¸â€ğŸ’‹â€ğŸ‘¨,"""kiss: woman, man"""
0469,u+1f468-u+200d-u+2764-u+fe0f-u+200d-u+1f48b-u+200d-u+1f468,kiss_man_man,ğŸ‘¨â€â¤ï¸â€ğŸ’‹â€ğŸ‘¨,"""kiss: man, man"""
0470,u+1f469-u+200d-u+2764-u+fe0f-u+200d-u+1f48b-u+200d-u+1f469,kiss_woman_woman,ğŸ‘©â€â¤ï¸â€ğŸ’‹â€ğŸ‘©,"""kiss: woman, woman"""
0471,u+1f491,couple_with_heart,ğŸ’‘,couple with heart
0472,u+1f469-u+200d-u+2764-u+fe0f-u+200d-u+1f468,couple_with_heart_woman_man,ğŸ‘©â€â¤ï¸â€ğŸ‘¨,"""couple with heart: woman, man"""
0473,u+1f468-u+200d-u+2764-u+fe0f-u+200d-u+1f468,couple_with_heart_man_man,ğŸ‘¨â€â¤ï¸â€ğŸ‘¨,"""couple with heart: man, man"""
0474,u+1f469-u+200d-u+2764-u+fe0f-u+200d-u+1f469,couple_with_heart_woman_woman,ğŸ‘©â€â¤ï¸â€ğŸ‘©,"""couple with heart: woman, woman"""
0475,u+1f46a,family,ğŸ‘ª,family
0476,u+1f468-u+200d-u+1f469-u+200d-u+1f466,family_man_woman_boy,ğŸ‘¨â€ğŸ‘©â€ğŸ‘¦,"""family: man, woman, boy"""
0477,u+1f468-u+200d-u+1f469-u+200d-u+1f467,family_man_woman_girl,ğŸ‘¨â€ğŸ‘©â€ğŸ‘§,"""family: man, woman, girl"""
0478,u+1f468-u+200d-u+1f469-u+200d-u+1f467-u+200d-u+1f466,family_man_woman_girl_boy,ğŸ‘¨â€ğŸ‘©â€ğŸ‘§â€ğŸ‘¦,"""family: man, woman, girl, boy"""
0479,u+1f468-u+200d-u+1f469-u+200d-u+1f466-u+200d-u+1f466,family_man_woman_boy_boy,ğŸ‘¨â€ğŸ‘©â€ğŸ‘¦â€ğŸ‘¦,"""family: man, woman, boy, boy"""
0480,u+1f468-u+200d-u+1f469-u+200d-u+1f467-u+200d-u+1f467,family_man_woman_girl_girl,ğŸ‘¨â€ğŸ‘©â€ğŸ‘§â€ğŸ‘§,"""family: man, woman, girl, girl"""
0481,u+1f468-u+200d-u+1f468-u+200d-u+1f466,family_man_man_boy,ğŸ‘¨â€ğŸ‘¨â€ğŸ‘¦,"""family: man, man, boy"""
0482,u+1f468-u+200d-u+1f468-u+200d-u+1f467,family_man_man_girl,ğŸ‘¨â€ğŸ‘¨â€ğŸ‘§,"""family: man, man, girl"""
0483,u+1f468-u+200d-u+1f468-u+200d-u+1f467-u+200d-u+1f466,family_man_man_girl_boy,ğŸ‘¨â€ğŸ‘¨â€ğŸ‘§â€ğŸ‘¦,"""family: man, man, girl, boy"""
0484,u+1f468-u+200d-u+1f468-u+200d-u+1f466-u+200d-u+1f466,family_man_man_boy_boy,ğŸ‘¨â€ğŸ‘¨â€ğŸ‘¦â€ğŸ‘¦,"""family: man, man, boy, boy"""
0485,u+1f468-u+200d-u+1f468-u+200d-u+1f467-u+200d-u+1f467,family_man_man_girl_girl,ğŸ‘¨â€ğŸ‘¨â€ğŸ‘§â€ğŸ‘§,"""family: man, man, girl, girl"""
0486,u+1f469-u+200d-u+1f469-u+200d-u+1f466,family_woman_woman_boy,ğŸ‘©â€ğŸ‘©â€ğŸ‘¦,"""family: woman, woman, boy"""
0487,u+1f469-u+200d-u+1f469-u+200d-u+1f467,family_woman_woman_girl,ğŸ‘©â€ğŸ‘©â€ğŸ‘§,"""family: woman, woman, girl"""
0488,u+1f469-u+200d-u+1f469-u+200d-u+1f467-u+200d-u+1f466,family_woman_woman_girl_boy,ğŸ‘©â€ğŸ‘©â€ğŸ‘§â€ğŸ‘¦,"""family: woman, woman, girl, boy"""
0489,u+1f469-u+200d-u+1f469-u+200d-u+1f466-u+200d-u+1f466,family_woman_woman_boy_boy,ğŸ‘©â€ğŸ‘©â€ğŸ‘¦â€ğŸ‘¦,"""family: woman, woman, boy, boy"""
0490,u+1f469-u+200d-u+1f469-u+200d-u+1f467-u+200d-u+1f467,family_woman_woman_girl_girl,ğŸ‘©â€ğŸ‘©â€ğŸ‘§â€ğŸ‘§,"""family: woman, woman, girl, girl"""
0491,u+1f468-u+200d-u+1f466,family_man_boy,ğŸ‘¨â€ğŸ‘¦,"""family: man, boy"""
0492,u+1f468-u+200d-u+1f466-u+200d-u+1f466,family_man_boy_boy,ğŸ‘¨â€ğŸ‘¦â€ğŸ‘¦,"""family: man, boy, boy"""
0493,u+1f468-u+200d-u+1f467,family_man_girl,ğŸ‘¨â€ğŸ‘§,"""family: man, girl"""
0494,u+1f468-u+200d-u+1f467-u+200d-u+1f466,family_man_girl_boy,ğŸ‘¨â€ğŸ‘§â€ğŸ‘¦,"""family: man, girl, boy"""
0495,u+1f468-u+200d-u+1f467-u+200d-u+1f467,family_man_girl_girl,ğŸ‘¨â€ğŸ‘§â€ğŸ‘§,"""family: man, girl, girl"""
0496,u+1f469-u+200d-u+1f466,family_woman_boy,ğŸ‘©â€ğŸ‘¦,"""family: woman, boy"""
0497,u+1f469-u+200d-u+1f466-u+200d-u+1f466,family_woman_boy_boy,ğŸ‘©â€ğŸ‘¦â€ğŸ‘¦,"""family: woman, boy, boy"""
0498,u+1f469-u+200d-u+1f467,family_woman_girl,ğŸ‘©â€ğŸ‘§,"""family: woman, girl"""
0499,u+1f469-u+200d-u+1f467-u+200d-u+1f466,family_woman_girl_boy,ğŸ‘©â€ğŸ‘§â€ğŸ‘¦,"""family: woman, girl, boy"""
0500,u+1f469-u+200d-u+1f467-u+200d-u+1f467,family_woman_girl_girl,ğŸ‘©â€ğŸ‘§â€ğŸ‘§,"""family: woman, girl, girl"""
0501,u+1f5e3,speaking_head,ğŸ—£,speaking head
0502,u+1f464,bust_in_silhouette,ğŸ‘¤,bust in silhouette
0503,u+1f465,busts_in_silhouette,ğŸ‘¥,busts in silhouette
0504,u+1fac2,people_hugging,ğŸ«‚,people hugging
0505,u+1f463,footprints,ğŸ‘£,footprints
0506,u+1f9b0,red_hair,ğŸ¦°,red hair
0507,u+1f9b1,curly_hair,ğŸ¦±,curly hair
0508,u+1f9b3,white_hair,ğŸ¦³,white hair
0509,u+1f9b2,bald,ğŸ¦²,bald
0510,u+1f435,monkey_face,ğŸµ,monkey face
0511,u+1f412,monkey,ğŸ’,monkey
0512,u+1f98d,gorilla,ğŸ¦,gorilla
0513,u+1f9a7,orangutan,ğŸ¦§,orangutan
0514,u+1f436,dog_face,ğŸ¶,dog face
0515,u+1f415,dog,ğŸ•,dog
0516,u+1f9ae,guide_dog,ğŸ¦®,guide dog
0517,u+1f415-u+200d-u+1f9ba,service_dog,ğŸ•â€ğŸ¦º,service dog
0518,u+1f429,poodle,ğŸ©,poodle
0519,u+1f43a,wolf,ğŸº,wolf
0520,u+1f98a,fox,ğŸ¦Š,fox
0521,u+1f99d,raccoon,ğŸ¦,raccoon
0522,u+1f431,cat_face,ğŸ±,cat face
0523,u+1f408,cat,ğŸˆ,cat
0524,u+1f408-u+200d-u+2b1b,black_cat,ğŸˆâ€â¬›,black cat
0525,u+1f981,lion,ğŸ¦,lion
0526,u+1f42f,tiger_face,ğŸ¯,tiger face
0527,u+1f405,tiger,ğŸ…,tiger
0528,u+1f406,leopard,ğŸ†,leopard
0529,u+1f434,horse_face,ğŸ´,horse face
0530,u+1f40e,horse,ğŸ,horse
0531,u+1f984,unicorn,ğŸ¦„,unicorn
0532,u+1f993,zebra,ğŸ¦“,zebra
0533,u+1f98c,deer,ğŸ¦Œ,deer
0534,u+1f9ac,bison,ğŸ¦¬,bison
0535,u+1f42e,cow_face,ğŸ®,cow face
0536,u+1f402,ox,ğŸ‚,ox
0537,u+1f403,water_buffalo,ğŸƒ,water buffalo
0538,u+1f404,cow,ğŸ„,cow
0539,u+1f437,pig_face,ğŸ·,pig face
0540,u+1f416,pig,ğŸ–,pig
0541,u+1f417,boar,ğŸ—,boar
0542,u+1f43d,pig_nose,ğŸ½,pig nose
0543,u+1f40f,ram,ğŸ,ram
0544,u+1f411,ewe,ğŸ‘,ewe
0545,u+1f410,goat,ğŸ,goat
0546,u+1f42a,camel,ğŸª,camel
0547,u+1f42b,two_hump_camel,ğŸ«,two-hump camel
0548,u+1f999,llama,ğŸ¦™,llama
0549,u+1f992,giraffe,ğŸ¦’,giraffe
0550,u+1f418,elephant,ğŸ˜,elephant
0551,u+1f9a3,mammoth,ğŸ¦£,mammoth
0552,u+1f98f,rhinoceros,ğŸ¦,rhinoceros
0553,u+1f99b,hippopotamus,ğŸ¦›,hippopotamus
0554,u+1f42d,mouse_face,ğŸ­,mouse face
0555,u+1f401,mouse,ğŸ,mouse
0556,u+1f400,rat,ğŸ€,rat
0557,u+1f439,hamster,ğŸ¹,hamster
0558,u+1f430,rabbit_face,ğŸ°,rabbit face
0559,u+1f407,rabbit,ğŸ‡,rabbit
0560,u+1f43f,chipmunk,ğŸ¿,chipmunk
0561,u+1f9ab,beaver,ğŸ¦«,beaver
0562,u+1f994,hedgehog,ğŸ¦”,hedgehog
0563,u+1f987,bat,ğŸ¦‡,bat
0564,u+1f43b,bear,ğŸ»,bear
0565,u+1f43b-u+200d-u+2744-u+fe0f,polar_bear,ğŸ»â€â„ï¸,polar bear
0566,u+1f428,koala,ğŸ¨,koala
0567,u+1f43c,panda,ğŸ¼,panda
0568,u+1f9a5,sloth,ğŸ¦¥,sloth
0569,u+1f9a6,otter,ğŸ¦¦,otter
0570,u+1f9a8,skunk,ğŸ¦¨,skunk
0571,u+1f998,kangaroo,ğŸ¦˜,kangaroo
0572,u+1f9a1,badger,ğŸ¦¡,badger
0573,u+1f43e,paw_prints,ğŸ¾,paw prints
0574,u+1f983,turkey,ğŸ¦ƒ,turkey
0575,u+1f414,chicken,ğŸ”,chicken
0576,u+1f413,rooster,ğŸ“,rooster
0577,u+1f423,hatching_chick,ğŸ£,hatching chick
0578,u+1f424,baby_chick,ğŸ¤,baby chick
0579,u+1f425,front_facing_baby_chick,ğŸ¥,front-facing baby chick
0580,u+1f426,bird,ğŸ¦,bird
0581,u+1f427,penguin,ğŸ§,penguin
0582,u+1f54a,dove,ğŸ•Š,dove
0583,u+1f985,eagle,ğŸ¦…,eagle
0584,u+1f986,duck,ğŸ¦†,duck
0585,u+1f9a2,swan,ğŸ¦¢,swan
0586,u+1f989,owl,ğŸ¦‰,owl
0587,u+1f9a4,dodo,ğŸ¦¤,dodo
0588,u+1fab6,feather,ğŸª¶,feather
0589,u+1f9a9,flamingo,ğŸ¦©,flamingo
0590,u+1f99a,peacock,ğŸ¦š,peacock
0591,u+1f99c,parrot,ğŸ¦œ,parrot
0592,u+1f438,frog,ğŸ¸,frog
0593,u+1f40a,crocodile,ğŸŠ,crocodile
0594,u+1f422,turtle,ğŸ¢,turtle
0595,u+1f98e,lizard,ğŸ¦,lizard
0596,u+1f40d,snake,ğŸ,snake
0597,u+1f432,dragon_face,ğŸ²,dragon face
0598,u+1f409,dragon,ğŸ‰,dragon
0599,u+1f995,sauropod,ğŸ¦•,sauropod
0600,u+1f996,t_rex,ğŸ¦–,T-Rex
0601,u+1f433,spouting_whale,ğŸ³,spouting whale
0602,u+1f40b,whale,ğŸ‹,whale
0603,u+1f42c,dolphin,ğŸ¬,dolphin
0604,u+1f9ad,seal,ğŸ¦­,seal
0605,u+1f41f,fish,ğŸŸ,fish
0606,u+1f420,tropical_fish,ğŸ ,tropical fish
0607,u+1f421,blowfish,ğŸ¡,blowfish
0608,u+1f988,shark,ğŸ¦ˆ,shark
0609,u+1f419,octopus,ğŸ™,octopus
0610,u+1f41a,spiral_shell,ğŸš,spiral shell
0611,u+1f40c,snail,ğŸŒ,snail
0612,u+1f98b,butterfly,ğŸ¦‹,butterfly
0613,u+1f41b,bug,ğŸ›,bug
0614,u+1f41c,ant,ğŸœ,ant
0615,u+1f41d,honeybee,ğŸ,honeybee
0616,u+1fab2,beetle,ğŸª²,beetle
0617,u+1f41e,lady_beetle,ğŸ,lady beetle
0618,u+1f997,cricket,ğŸ¦—,cricket
0619,u+1fab3,cockroach,ğŸª³,cockroach
0620,u+1f577,spider,ğŸ•·,spider
0621,u+1f578,spider_web,ğŸ•¸,spider web
0622,u+1f982,scorpion,ğŸ¦‚,scorpion
0623,u+1f99f,mosquito,ğŸ¦Ÿ,mosquito
0624,u+1fab0,fly,ğŸª°,fly
0625,u+1fab1,worm,ğŸª±,worm
0626,u+1f9a0,microbe,ğŸ¦ ,microbe
0627,u+1f490,bouquet,ğŸ’,bouquet
0628,u+1f338,cherry_blossom,ğŸŒ¸,cherry blossom
0629,u+1f4ae,white_flower,ğŸ’®,white flower
0630,u+1f3f5,rosette,ğŸµ,rosette
0631,u+1f339,rose,ğŸŒ¹,rose
0632,u+1f940,wilted_flower,ğŸ¥€,wilted flower
0633,u+1f33a,hibiscus,ğŸŒº,hibiscus
0634,u+1f33b,sunflower,ğŸŒ»,sunflower
0635,u+1f33c,blossom,ğŸŒ¼,blossom
0636,u+1f337,tulip,ğŸŒ·,tulip
0637,u+1f331,seedling,ğŸŒ±,seedling
0638,u+1fab4,potted_plant,ğŸª´,potted plant
0639,u+1f332,evergreen_tree,ğŸŒ²,evergreen tree
0640,u+1f333,deciduous_tree,ğŸŒ³,deciduous tree
0641,u+1f334,palm_tree,ğŸŒ´,palm tree
0642,u+1f335,cactus,ğŸŒµ,cactus
0643,u+1f33e,sheaf_of_rice,ğŸŒ¾,sheaf of rice
0644,u+1f33f,herb,ğŸŒ¿,herb
0645,u+2618,shamrock,â˜˜,shamrock
0646,u+1f340,four_leaf_clover,ğŸ€,four leaf clover
0647,u+1f341,maple_leaf,ğŸ,maple leaf
0648,u+1f342,fallen_leaf,ğŸ‚,fallen leaf
0649,u+1f343,leaf_fluttering_in_wind,ğŸƒ,leaf fluttering in wind
0650,u+1f347,grapes,ğŸ‡,grapes
0651,u+1f348,melon,ğŸˆ,melon
0652,u+1f349,watermelon,ğŸ‰,watermelon
0653,u+1f34a,tangerine,ğŸŠ,tangerine
0654,u+1f34b,lemon,ğŸ‹,lemon
0655,u+1f34c,banana,ğŸŒ,banana
0656,u+1f34d,pineapple,ğŸ,pineapple
0657,u+1f96d,mango,ğŸ¥­,mango
0658,u+1f34e,red_apple,ğŸ,red apple
0659,u+1f34f,green_apple,ğŸ,green apple
0660,u+1f350,pear,ğŸ,pear
0661,u+1f351,peach,ğŸ‘,peach
0662,u+1f352,cherries,ğŸ’,cherries
0663,u+1f353,strawberry,ğŸ“,strawberry
0664,u+1fad0,blueberries,ğŸ«,blueberries
0665,u+1f95d,kiwi_fruit,ğŸ¥,kiwi fruit
0666,u+1f345,tomato,ğŸ…,tomato
0667,u+1fad2,olive,ğŸ«’,olive
0668,u+1f965,coconut,ğŸ¥¥,coconut
0669,u+1f951,avocado,ğŸ¥‘,avocado
0670,u+1f346,eggplant,ğŸ†,eggplant
0671,u+1f954,potato,ğŸ¥”,potato
0672,u+1f955,carrot,ğŸ¥•,carrot
0673,u+1f33d,ear_of_corn,ğŸŒ½,ear of corn
0674,u+1f336,hot_pepper,ğŸŒ¶,hot pepper
0675,u+1fad1,bell_pepper,ğŸ«‘,bell pepper
0676,u+1f952,cucumber,ğŸ¥’,cucumber
0677,u+1f96c,leafy_green,ğŸ¥¬,leafy green
0678,u+1f966,broccoli,ğŸ¥¦,broccoli
0679,u+1f9c4,garlic,ğŸ§„,garlic
0680,u+1f9c5,onion,ğŸ§…,onion
0681,u+1f344,mushroom,ğŸ„,mushroom
0682,u+1f95c,peanuts,ğŸ¥œ,peanuts
0683,u+1f330,chestnut,ğŸŒ°,chestnut
0684,u+1f35e,bread,ğŸ,bread
0685,u+1f950,croissant,ğŸ¥,croissant
0686,u+1f956,baguette_bread,ğŸ¥–,baguette bread
0687,u+1fad3,flatbread,ğŸ«“,flatbread
0688,u+1f968,pretzel,ğŸ¥¨,pretzel
0689,u+1f96f,bagel,ğŸ¥¯,bagel
0690,u+1f95e,pancakes,ğŸ¥,pancakes
0691,u+1f9c7,waffle,ğŸ§‡,waffle
0692,u+1f9c0,cheese_wedge,ğŸ§€,cheese wedge
0693,u+1f356,meat_on_bone,ğŸ–,meat on bone
0694,u+1f357,poultry_leg,ğŸ—,poultry leg
0695,u+1f969,cut_of_meat,ğŸ¥©,cut of meat
0696,u+1f953,bacon,ğŸ¥“,bacon
0697,u+1f354,hamburger,ğŸ”,hamburger
0698,u+1f35f,french_fries,ğŸŸ,french fries
0699,u+1f355,pizza,ğŸ•,pizza
0700,u+1f32d,hot_dog,ğŸŒ­,hot dog
0701,u+1f96a,sandwich,ğŸ¥ª,sandwich
0702,u+1f32e,taco,ğŸŒ®,taco
0703,u+1f32f,burrito,ğŸŒ¯,burrito
0704,u+1fad4,tamale,ğŸ«”,tamale
0705,u+1f959,stuffed_flatbread,ğŸ¥™,stuffed flatbread
0706,u+1f9c6,falafel,ğŸ§†,falafel
0707,u+1f95a,egg,ğŸ¥š,egg
0708,u+1f373,cooking,ğŸ³,cooking
0709,u+1f958,shallow_pan_of_food,ğŸ¥˜,shallow pan of food
0710,u+1f372,pot_of_food,ğŸ²,pot of food
0711,u+1fad5,fondue,ğŸ«•,fondue
0712,u+1f963,bowl_with_spoon,ğŸ¥£,bowl with spoon
0713,u+1f957,green_salad,ğŸ¥—,green salad
0714,u+1f37f,popcorn,ğŸ¿,popcorn
0715,u+1f9c8,butter,ğŸ§ˆ,butter
0716,u+1f9c2,salt,ğŸ§‚,salt
0717,u+1f96b,canned_food,ğŸ¥«,canned food
0718,u+1f371,bento_box,ğŸ±,bento box
0719,u+1f358,rice_cracker,ğŸ˜,rice cracker
0720,u+1f359,rice_ball,ğŸ™,rice ball
0721,u+1f35a,cooked_rice,ğŸš,cooked rice
0722,u+1f35b,curry_rice,ğŸ›,curry rice
0723,u+1f35c,steaming_bowl,ğŸœ,steaming bowl
0724,u+1f35d,spaghetti,ğŸ,spaghetti
0725,u+1f360,roasted_sweet_potato,ğŸ ,roasted sweet potato
0726,u+1f362,oden,ğŸ¢,oden
0727,u+1f363,sushi,ğŸ£,sushi
0728,u+1f364,fried_shrimp,ğŸ¤,fried shrimp
0729,u+1f365,fish_cake_with_swirl,ğŸ¥,fish cake with swirl
0730,u+1f96e,moon_cake,ğŸ¥®,moon cake
0731,u+1f361,dango,ğŸ¡,dango
0732,u+1f95f,dumpling,ğŸ¥Ÿ,dumpling
0733,u+1f960,fortune_cookie,ğŸ¥ ,fortune cookie
0734,u+1f961,takeout_box,ğŸ¥¡,takeout box
0735,u+1f980,crab,ğŸ¦€,crab
0736,u+1f99e,lobster,ğŸ¦,lobster
0737,u+1f990,shrimp,ğŸ¦,shrimp
0738,u+1f991,squid,ğŸ¦‘,squid
0739,u+1f9aa,oyster,ğŸ¦ª,oyster
0740,u+1f366,soft_ice_cream,ğŸ¦,soft ice cream
0741,u+1f367,shaved_ice,ğŸ§,shaved ice
0742,u+1f368,ice_cream,ğŸ¨,ice cream
0743,u+1f369,doughnut,ğŸ©,doughnut
0744,u+1f36a,cookie,ğŸª,cookie
0745,u+1f382,birthday_cake,ğŸ‚,birthday cake
0746,u+1f370,shortcake,ğŸ°,shortcake
0747,u+1f9c1,cupcake,ğŸ§,cupcake
0748,u+1f967,pie,ğŸ¥§,pie
0749,u+1f36b,chocolate_bar,ğŸ«,chocolate bar
0750,u+1f36c,candy,ğŸ¬,candy
0751,u+1f36d,lollipop,ğŸ­,lollipop
0752,u+1f36e,custard,ğŸ®,custard
0753,u+1f36f,honey_pot,ğŸ¯,honey pot
0754,u+1f37c,baby_bottle,ğŸ¼,baby bottle
0755,u+1f95b,glass_of_milk,ğŸ¥›,glass of milk
0756,u+2615,hot_beverage,â˜•,hot beverage
0757,u+1fad6,teapot,ğŸ«–,teapot
0758,u+1f375,teacup_without_handle,ğŸµ,teacup without handle
0759,u+1f376,sake,ğŸ¶,sake
0760,u+1f37e,bottle_with_popping_cork,ğŸ¾,bottle with popping cork
0761,u+1f377,wine_glass,ğŸ·,wine glass
0762,u+1f378,cocktail_glass,ğŸ¸,cocktail glass
0763,u+1f379,tropical_drink,ğŸ¹,tropical drink
0764,u+1f37a,beer_mug,ğŸº,beer mug
0765,u+1f37b,clinking_beer_mugs,ğŸ»,clinking beer mugs
0766,u+1f942,clinking_glasses,ğŸ¥‚,clinking glasses
0767,u+1f943,tumbler_glass,ğŸ¥ƒ,tumbler glass
0768,u+1f964,cup_with_straw,ğŸ¥¤,cup with straw
0769,u+1f9cb,bubble_tea,ğŸ§‹,bubble tea
0770,u+1f9c3,beverage_box,ğŸ§ƒ,beverage box
0771,u+1f9c9,mate,ğŸ§‰,mate
0772,u+1f9ca,ice,ğŸ§Š,ice
0773,u+1f962,chopsticks,ğŸ¥¢,chopsticks
0774,u+1f37d,fork_and_knife_with_plate,ğŸ½,fork and knife with plate
0775,u+1f374,fork_and_knife,ğŸ´,fork and knife
0776,u+1f944,spoon,ğŸ¥„,spoon
0777,u+1f52a,kitchen_knife,ğŸ”ª,kitchen knife
0778,u+1f3fa,amphora,ğŸº,amphora
0779,u+1f30d,globe_showing_europe_africa,ğŸŒ,globe showing Europe-Africa
0780,u+1f30e,globe_showing_americas,ğŸŒ,globe showing Americas
0781,u+1f30f,globe_showing_asia_australia,ğŸŒ,globe showing Asia-Australia
0782,u+1f310,globe_with_meridians,ğŸŒ,globe with meridians
0783,u+1f5fa,world_map,ğŸ—º,world map
0784,u+1f5fe,map_of_japan,ğŸ—¾,map of Japan
0785,u+1f9ed,compass,ğŸ§­,compass
0786,u+1f3d4,snow_capped_mountain,ğŸ”,snow-capped mountain
0787,u+26f0,mountain,â›°,mountain
0788,u+1f30b,volcano,ğŸŒ‹,volcano
0789,u+1f5fb,mount_fuji,ğŸ—»,mount fuji
0790,u+1f3d5,camping,ğŸ•,camping
0791,u+1f3d6,beach_with_umbrella,ğŸ–,beach with umbrella
0792,u+1f3dc,desert,ğŸœ,desert
0793,u+1f3dd,desert_island,ğŸ,desert island
0794,u+1f3de,national_park,ğŸ,national park
0795,u+1f3df,stadium,ğŸŸ,stadium
0796,u+1f3db,classical_building,ğŸ›,classical building
0797,u+1f3d7,building_construction,ğŸ—,building construction
0798,u+1f9f1,brick,ğŸ§±,brick
0799,u+1faa8,rock,ğŸª¨,rock
0800,u+1fab5,wood,ğŸªµ,wood
0801,u+1f6d6,hut,ğŸ›–,hut
0802,u+1f3d8,houses,ğŸ˜,houses
0803,u+1f3da,derelict_house,ğŸš,derelict house
0804,u+1f3e0,house,ğŸ ,house
0805,u+1f3e1,house_with_garden,ğŸ¡,house with garden
0806,u+1f3e2,office_building,ğŸ¢,office building
0807,u+1f3e3,japanese_post_office,ğŸ£,Japanese post office
0808,u+1f3e4,post_office,ğŸ¤,post office
0809,u+1f3e5,hospital,ğŸ¥,hospital
0810,u+1f3e6,bank,ğŸ¦,bank
0811,u+1f3e8,hotel,ğŸ¨,hotel
0812,u+1f3e9,love_hotel,ğŸ©,love hotel
0813,u+1f3ea,convenience_store,ğŸª,convenience store
0814,u+1f3eb,school,ğŸ«,school
0815,u+1f3ec,department_store,ğŸ¬,department store
0816,u+1f3ed,factory,ğŸ­,factory
0817,u+1f3ef,japanese_castle,ğŸ¯,Japanese castle
0818,u+1f3f0,castle,ğŸ°,castle
0819,u+1f492,wedding,ğŸ’’,wedding
0820,u+1f5fc,tokyo_tower,ğŸ—¼,Tokyo tower
0821,u+1f5fd,statue_of_liberty,ğŸ—½,Statue of Liberty
0822,u+26ea,church,â›ª,church
0823,u+1f54c,mosque,ğŸ•Œ,mosque
0824,u+1f6d5,hindu_temple,ğŸ›•,hindu temple
0825,u+1f54d,synagogue,ğŸ•,synagogue
0826,u+26e9,shinto_shrine,â›©,shinto shrine
0827,u+1f54b,kaaba,ğŸ•‹,kaaba
0828,u+26f2,fountain,â›²,fountain
0829,u+26fa,tent,â›º,tent
0830,u+1f301,foggy,ğŸŒ,foggy
0831,u+1f303,night_with_stars,ğŸŒƒ,night with stars
0832,u+1f3d9,cityscape,ğŸ™,cityscape
0833,u+1f304,sunrise_over_mountains,ğŸŒ„,sunrise over mountains
0834,u+1f305,sunrise,ğŸŒ…,sunrise
0835,u+1f306,cityscape_at_dusk,ğŸŒ†,cityscape at dusk
0836,u+1f307,sunset,ğŸŒ‡,sunset
0837,u+1f309,bridge_at_night,ğŸŒ‰,bridge at night
0838,u+2668,hot_springs,â™¨,hot springs
0839,u+1f3a0,carousel_horse,ğŸ ,carousel horse
0840,u+1f3a1,ferris_wheel,ğŸ¡,ferris wheel
0841,u+1f3a2,roller_coaster,ğŸ¢,roller coaster
0842,u+1f488,barber_pole,ğŸ’ˆ,barber pole
0843,u+1f3aa,circus_tent,ğŸª,circus tent
0844,u+1f682,locomotive,ğŸš‚,locomotive
0845,u+1f683,railway_car,ğŸšƒ,railway car
0846,u+1f684,high_speed_train,ğŸš„,high-speed train
0847,u+1f685,bullet_train,ğŸš…,bullet train
0848,u+1f686,train,ğŸš†,train
0849,u+1f687,metro,ğŸš‡,metro
0850,u+1f688,light_rail,ğŸšˆ,light rail
0851,u+1f689,station,ğŸš‰,station
0852,u+1f68a,tram,ğŸšŠ,tram
0853,u+1f69d,monorail,ğŸš,monorail
0854,u+1f69e,mountain_railway,ğŸš,mountain railway
0855,u+1f68b,tram_car,ğŸš‹,tram car
0856,u+1f68c,bus,ğŸšŒ,bus
0857,u+1f68d,oncoming_bus,ğŸš,oncoming bus
0858,u+1f68e,trolleybus,ğŸš,trolleybus
0859,u+1f690,minibus,ğŸš,minibus
0860,u+1f691,ambulance,ğŸš‘,ambulance
0861,u+1f692,fire_engine,ğŸš’,fire engine
0862,u+1f693,police_car,ğŸš“,police car
0863,u+1f694,oncoming_police_car,ğŸš”,oncoming police car
0864,u+1f695,taxi,ğŸš•,taxi
0865,u+1f696,oncoming_taxi,ğŸš–,oncoming taxi
0866,u+1f697,automobile,ğŸš—,automobile
0867,u+1f698,oncoming_automobile,ğŸš˜,oncoming automobile
0868,u+1f699,sport_utility_vehicle,ğŸš™,sport utility vehicle
0869,u+1f6fb,pickup_truck,ğŸ›»,pickup truck
0870,u+1f69a,delivery_truck,ğŸšš,delivery truck
0871,u+1f69b,articulated_lorry,ğŸš›,articulated lorry
0872,u+1f69c,tractor,ğŸšœ,tractor
0873,u+1f3ce,racing_car,ğŸ,racing car
0874,u+1f3cd,motorcycle,ğŸ,motorcycle
0875,u+1f6f5,motor_scooter,ğŸ›µ,motor scooter
0876,u+1f9bd,manual_wheelchair,ğŸ¦½,manual wheelchair
0877,u+1f9bc,motorized_wheelchair,ğŸ¦¼,motorized wheelchair
0878,u+1f6fa,auto_rickshaw,ğŸ›º,auto rickshaw
0879,u+1f6b2,bicycle,ğŸš²,bicycle
0880,u+1f6f4,kick_scooter,ğŸ›´,kick scooter
0881,u+1f6f9,skateboard,ğŸ›¹,skateboard
0882,u+1f6fc,roller_skate,ğŸ›¼,roller skate
0883,u+1f68f,bus_stop,ğŸš,bus stop
0884,u+1f6e3,motorway,ğŸ›£,motorway
0885,u+1f6e4,railway_track,ğŸ›¤,railway track
0886,u+1f6e2,oil_drum,ğŸ›¢,oil drum
0887,u+26fd,fuel_pump,â›½,fuel pump
0888,u+1f6a8,police_car_light,ğŸš¨,police car light
0889,u+1f6a5,horizontal_traffic_light,ğŸš¥,horizontal traffic light
0890,u+1f6a6,vertical_traffic_light,ğŸš¦,vertical traffic light
0891,u+1f6d1,stop_sign,ğŸ›‘,stop sign
0892,u+1f6a7,construction,ğŸš§,construction
0893,u+2693,anchor,âš“,anchor
0894,u+26f5,sailboat,â›µ,sailboat
0895,u+1f6f6,canoe,ğŸ›¶,canoe
0896,u+1f6a4,speedboat,ğŸš¤,speedboat
0897,u+1f6f3,passenger_ship,ğŸ›³,passenger ship
0898,u+26f4,ferry,â›´,ferry
0899,u+1f6e5,motor_boat,ğŸ›¥,motor boat
0900,u+1f6a2,ship,ğŸš¢,ship
0901,u+2708,airplane,âœˆ,airplane
0902,u+1f6e9,small_airplane,ğŸ›©,small airplane
0903,u+1f6eb,airplane_departure,ğŸ›«,airplane departure
0904,u+1f6ec,airplane_arrival,ğŸ›¬,airplane arrival
0905,u+1fa82,parachute,ğŸª‚,parachute
0906,u+1f4ba,seat,ğŸ’º,seat
0907,u+1f681,helicopter,ğŸš,helicopter
0908,u+1f69f,suspension_railway,ğŸšŸ,suspension railway
0909,u+1f6a0,mountain_cableway,ğŸš ,mountain cableway
0910,u+1f6a1,aerial_tramway,ğŸš¡,aerial tramway
0911,u+1f6f0,satellite,ğŸ›°,satellite
0912,u+1f680,rocket,ğŸš€,rocket
0913,u+1f6f8,flying_saucer,ğŸ›¸,flying saucer
0914,u+1f6ce,bellhop_bell,ğŸ›,bellhop bell
0915,u+1f9f3,luggage,ğŸ§³,luggage
0916,u+231b,hourglass_done,âŒ›,hourglass done
0917,u+23f3,hourglass_not_done,â³,hourglass not done
0918,u+231a,watch,âŒš,watch
0919,u+23f0,alarm_clock,â°,alarm clock
0920,u+23f1,stopwatch,â±,stopwatch
0921,u+23f2,timer_clock,â²,timer clock
0922,u+1f570,mantelpiece_clock,ğŸ•°,mantelpiece clock
0923,u+1f55b,twelve_oclock,ğŸ•›,twelve oâ€™clock
0924,u+1f567,twelve_thirty,ğŸ•§,twelve-thirty
0925,u+1f550,one_oclock,ğŸ•,one oâ€™clock
0926,u+1f55c,one_thirty,ğŸ•œ,one-thirty
0927,u+1f551,two_oclock,ğŸ•‘,two oâ€™clock
0928,u+1f55d,two_thirty,ğŸ•,two-thirty
0929,u+1f552,three_oclock,ğŸ•’,three oâ€™clock
0930,u+1f55e,three_thirty,ğŸ•,three-thirty
0931,u+1f553,four_oclock,ğŸ•“,four oâ€™clock
0932,u+1f55f,four_thirty,ğŸ•Ÿ,four-thirty
0933,u+1f554,five_oclock,ğŸ•”,five oâ€™clock
0934,u+1f560,five_thirty,ğŸ• ,five-thirty
0935,u+1f555,six_oclock,ğŸ••,six oâ€™clock
0936,u+1f561,six_thirty,ğŸ•¡,six-thirty
0937,u+1f556,seven_oclock,ğŸ•–,seven oâ€™clock
0938,u+1f562,seven_thirty,ğŸ•¢,seven-thirty
0939,u+1f557,eight_oclock,ğŸ•—,eight oâ€™clock
0940,u+1f563,eight_thirty,ğŸ•£,eight-thirty
0941,u+1f558,nine_oclock,ğŸ•˜,nine oâ€™clock
0942,u+1f564,nine_thirty,ğŸ•¤,nine-thirty
0943,u+1f559,ten_oclock,ğŸ•™,ten oâ€™clock
0944,u+1f565,ten_thirty,ğŸ•¥,ten-thirty
0945,u+1f55a,eleven_oclock,ğŸ•š,eleven oâ€™clock
0946,u+1f566,eleven_thirty,ğŸ•¦,eleven-thirty
0947,u+1f311,new_moon,ğŸŒ‘,new moon
0948,u+1f312,waxing_crescent_moon,ğŸŒ’,waxing crescent moon
0949,u+1f313,first_quarter_moon,ğŸŒ“,first quarter moon
0950,u+1f314,waxing_gibbous_moon,ğŸŒ”,waxing gibbous moon
0951,u+1f315,full_moon,ğŸŒ•,full moon
0952,u+1f316,waning_gibbous_moon,ğŸŒ–,waning gibbous moon
0953,u+1f317,last_quarter_moon,ğŸŒ—,last quarter moon
0954,u+1f318,waning_crescent_moon,ğŸŒ˜,waning crescent moon
0955,u+1f319,crescent_moon,ğŸŒ™,crescent moon
0956,u+1f31a,new_moon_face,ğŸŒš,new moon face
0957,u+1f31b,first_quarter_moon_face,ğŸŒ›,first quarter moon face
0958,u+1f31c,last_quarter_moon_face,ğŸŒœ,last quarter moon face
0959,u+1f321,thermometer,ğŸŒ¡,thermometer
0960,u+2600,sun,â˜€,sun
0961,u+1f31d,full_moon_face,ğŸŒ,full moon face
0962,u+1f31e,sun_with_face,ğŸŒ,sun with face
0963,u+1fa90,ringed_planet,ğŸª,ringed planet
0964,u+2b50,star,â­,star
0965,u+1f31f,glowing_star,ğŸŒŸ,glowing star
0966,u+1f320,shooting_star,ğŸŒ ,shooting star
0967,u+1f30c,milky_way,ğŸŒŒ,milky way
0968,u+2601,cloud,â˜,cloud
0969,u+26c5,sun_behind_cloud,â›…,sun behind cloud
0970,u+26c8,cloud_with_lightning_and_rain,â›ˆ,cloud with lightning and rain
0971,u+1f324,sun_behind_small_cloud,ğŸŒ¤,sun behind small cloud
0972,u+1f325,sun_behind_large_cloud,ğŸŒ¥,sun behind large cloud
0973,u+1f326,sun_behind_rain_cloud,ğŸŒ¦,sun behind rain cloud
0974,u+1f327,cloud_with_rain,ğŸŒ§,cloud with rain
0975,u+1f328,cloud_with_snow,ğŸŒ¨,cloud with snow
0976,u+1f329,cloud_with_lightning,ğŸŒ©,cloud with lightning
0977,u+1f32a,tornado,ğŸŒª,tornado
0978,u+1f32b,fog,ğŸŒ«,fog
0979,u+1f32c,wind_face,ğŸŒ¬,wind face
0980,u+1f300,cyclone,ğŸŒ€,cyclone
0981,u+1f308,rainbow,ğŸŒˆ,rainbow
0982,u+1f302,closed_umbrella,ğŸŒ‚,closed umbrella
0983,u+2602,umbrella,â˜‚,umbrella
0984,u+2614,umbrella_with_rain_drops,â˜”,umbrella with rain drops
0985,u+26f1,umbrella_on_ground,â›±,umbrella on ground
0986,u+26a1,high_voltage,âš¡,high voltage
0987,u+2744,snowflake,â„,snowflake
0988,u+2603,snowman,â˜ƒ,snowman
0989,u+26c4,snowman_without_snow,â›„,snowman without snow
0990,u+2604,comet,â˜„,comet
0991,u+1f525,fire,ğŸ”¥,fire
0992,u+1f4a7,droplet,ğŸ’§,droplet
0993,u+1f30a,water_wave,ğŸŒŠ,water wave
0994,u+1f383,jack_o_lantern,ğŸƒ,jack-o-lantern
0995,u+1f384,christmas_tree,ğŸ„,christmas tree
0996,u+1f386,fireworks,ğŸ†,fireworks
0997,u+1f387,sparkler,ğŸ‡,sparkler
0998,u+1f9e8,firecracker,ğŸ§¨,firecracker
0999,u+2728,sparkles,âœ¨,sparkles
1000,u+1f388,balloon,ğŸˆ,balloon
1001,u+1f389,party_popper,ğŸ‰,party popper
1002,u+1f38a,confetti_ball,ğŸŠ,confetti ball
1003,u+1f38b,tanabata_tree,ğŸ‹,tanabata tree
1004,u+1f38d,pine_decoration,ğŸ,pine decoration
1005,u+1f38e,japanese_dolls,ğŸ,Japanese dolls
1006,u+1f38f,carp_streamer,ğŸ,carp streamer
1007,u+1f390,wind_chime,ğŸ,wind chime
1008,u+1f391,moon_viewing_ceremony,ğŸ‘,moon viewing ceremony
1009,u+1f9e7,red_envelope,ğŸ§§,red envelope
1010,u+1f380,ribbon,ğŸ€,ribbon
1011,u+1f381,wrapped_gift,ğŸ,wrapped gift
1012,u+1f397,reminder_ribbon,ğŸ—,reminder ribbon
1013,u+1f39f,admission_tickets,ğŸŸ,admission tickets
1014,u+1f3ab,ticket,ğŸ«,ticket
1015,u+1f396,military_medal,ğŸ–,military medal
1016,u+1f3c6,trophy,ğŸ†,trophy
1017,u+1f3c5,sports_medal,ğŸ…,sports medal
1018,u+1f947,1st_place_medal,ğŸ¥‡,1st place medal
1019,u+1f948,2nd_place_medal,ğŸ¥ˆ,2nd place medal
1020,u+1f949,3rd_place_medal,ğŸ¥‰,3rd place medal
1021,u+26bd,soccer_ball,âš½,soccer ball
1022,u+26be,baseball,âš¾,baseball
1023,u+1f94e,softball,ğŸ¥,softball
1024,u+1f3c0,basketball,ğŸ€,basketball
1025,u+1f3d0,volleyball,ğŸ,volleyball
1026,u+1f3c8,american_football,ğŸˆ,american football
1027,u+1f3c9,rugby_football,ğŸ‰,rugby football
1028,u+1f3be,tennis,ğŸ¾,tennis
1029,u+1f94f,flying_disc,ğŸ¥,flying disc
1030,u+1f3b3,bowling,ğŸ³,bowling
1031,u+1f3cf,cricket_game,ğŸ,cricket game
1032,u+1f3d1,field_hockey,ğŸ‘,field hockey
1033,u+1f3d2,ice_hockey,ğŸ’,ice hockey
1034,u+1f94d,lacrosse,ğŸ¥,lacrosse
1035,u+1f3d3,ping_pong,ğŸ“,ping pong
1036,u+1f3f8,badminton,ğŸ¸,badminton
1037,u+1f94a,boxing_glove,ğŸ¥Š,boxing glove
1038,u+1f94b,martial_arts_uniform,ğŸ¥‹,martial arts uniform
1039,u+1f945,goal_net,ğŸ¥…,goal net
1040,u+26f3,flag_in_hole,â›³,flag in hole
1041,u+26f8,ice_skate,â›¸,ice skate
1042,u+1f3a3,fishing_pole,ğŸ£,fishing pole
1043,u+1f93f,diving_mask,ğŸ¤¿,diving mask
1044,u+1f3bd,running_shirt,ğŸ½,running shirt
1045,u+1f3bf,skis,ğŸ¿,skis
1046,u+1f6f7,sled,ğŸ›·,sled
1047,u+1f94c,curling_stone,ğŸ¥Œ,curling stone
1048,u+1f3af,bullseye,ğŸ¯,bullseye
1049,u+1fa80,yoyo,ğŸª€,yoyo
1050,u+1fa81,kite,ğŸª,kite
1051,u+1f3b1,pool_8_ball,ğŸ±,pool 8 ball
1052,u+1f52e,crystal_ball,ğŸ”®,crystal ball
1053,u+1fa84,magic_wand,ğŸª„,magic wand
1054,u+1f9ff,nazar_amulet,ğŸ§¿,nazar amulet
1055,u+1f3ae,video_game,ğŸ®,video game
1056,u+1f579,joystick,ğŸ•¹,joystick
1057,u+1f3b0,slot_machine,ğŸ°,slot machine
1058,u+1f3b2,game_die,ğŸ²,game die
1059,u+1f9e9,puzzle_piece,ğŸ§©,puzzle piece
1060,u+1f9f8,teddy_bear,ğŸ§¸,teddy bear
1061,u+1fa85,pinata,ğŸª…,piÃ±ata
1062,u+1fa86,nesting_dolls,ğŸª†,nesting dolls
1063,u+2660,spade_suit,â™ ,spade suit
1064,u+2665,heart_suit,â™¥,heart suit
1065,u+2666,diamond_suit,â™¦,diamond suit
1066,u+2663,club_suit,â™£,club suit
1067,u+265f,chess_pawn,â™Ÿ,chess pawn
1068,u+1f0cf,joker,ğŸƒ,joker
1069,u+1f004,mahjong_red_dragon,ğŸ€„,mahjong red dragon
1070,u+1f3b4,flower_playing_cards,ğŸ´,flower playing cards
1071,u+1f3ad,performing_arts,ğŸ­,performing arts
1072,u+1f5bc,framed_picture,ğŸ–¼,framed picture
1073,u+1f3a8,artist_palette,ğŸ¨,artist palette
1074,u+1f9f5,thread,ğŸ§µ,thread
1075,u+1faa1,sewing_needle,ğŸª¡,sewing needle
1076,u+1f9f6,yarn,ğŸ§¶,yarn
1077,u+1faa2,knot,ğŸª¢,knot
1078,u+1f453,glasses,ğŸ‘“,glasses
1079,u+1f576,sunglasses,ğŸ•¶,sunglasses
1080,u+1f97d,goggles,ğŸ¥½,goggles
1081,u+1f97c,lab_coat,ğŸ¥¼,lab coat
1082,u+1f9ba,safety_vest,ğŸ¦º,safety vest
1083,u+1f454,necktie,ğŸ‘”,necktie
1084,u+1f455,t_shirt,ğŸ‘•,t-shirt
1085,u+1f456,jeans,ğŸ‘–,jeans
1086,u+1f9e3,scarf,ğŸ§£,scarf
1087,u+1f9e4,gloves,ğŸ§¤,gloves
1088,u+1f9e5,coat,ğŸ§¥,coat
1089,u+1f9e6,socks,ğŸ§¦,socks
1090,u+1f457,dress,ğŸ‘—,dress
1091,u+1f458,kimono,ğŸ‘˜,kimono
1092,u+1f97b,sari,ğŸ¥»,sari
1093,u+1fa71,one_piece_swimsuit,ğŸ©±,one-piece swimsuit
1094,u+1fa72,briefs,ğŸ©²,briefs
1095,u+1fa73,shorts,ğŸ©³,shorts
1096,u+1f459,bikini,ğŸ‘™,bikini
1097,u+1f45a,womans_clothes,ğŸ‘š,womanâ€™s clothes
1098,u+1f45b,purse,ğŸ‘›,purse
1099,u+1f45c,handbag,ğŸ‘œ,handbag
1100,u+1f45d,clutch_bag,ğŸ‘,clutch bag
1101,u+1f6cd,shopping_bags,ğŸ›,shopping bags
1102,u+1f392,backpack,ğŸ’,backpack
1103,u+1fa74,thong_sandal,ğŸ©´,thong sandal
1104,u+1f45e,mans_shoe,ğŸ‘,manâ€™s shoe
1105,u+1f45f,running_shoe,ğŸ‘Ÿ,running shoe
1106,u+1f97e,hiking_boot,ğŸ¥¾,hiking boot
1107,u+1f97f,flat_shoe,ğŸ¥¿,flat shoe
1108,u+1f460,high_heeled_shoe,ğŸ‘ ,high-heeled shoe
1109,u+1f461,womans_sandal,ğŸ‘¡,womanâ€™s sandal
1110,u+1fa70,ballet_shoes,ğŸ©°,ballet shoes
1111,u+1f462,womans_boot,ğŸ‘¢,womanâ€™s boot
1112,u+1f451,crown,ğŸ‘‘,crown
1113,u+1f452,womans_hat,ğŸ‘’,womanâ€™s hat
1114,u+1f3a9,top_hat,ğŸ©,top hat
1115,u+1f393,graduation_cap,ğŸ“,graduation cap
1116,u+1f9e2,billed_cap,ğŸ§¢,billed cap
1117,u+1fa96,military_helmet,ğŸª–,military helmet
1118,u+26d1,rescue_workers_helmet,â›‘,rescue workerâ€™s helmet
1119,u+1f4ff,prayer_beads,ğŸ“¿,prayer beads
1120,u+1f484,lipstick,ğŸ’„,lipstick
1121,u+1f48d,ring,ğŸ’,ring
1122,u+1f48e,gem_stone,ğŸ’,gem stone
1123,u+1f507,muted_speaker,ğŸ”‡,muted speaker
1124,u+1f508,speaker_low_volume,ğŸ”ˆ,speaker low volume
1125,u+1f509,speaker_medium_volume,ğŸ”‰,speaker medium volume
1126,u+1f50a,speaker_high_volume,ğŸ”Š,speaker high volume
1127,u+1f4e2,loudspeaker,ğŸ“¢,loudspeaker
1128,u+1f4e3,megaphone,ğŸ“£,megaphone
1129,u+1f4ef,postal_horn,ğŸ“¯,postal horn
1130,u+1f514,bell,ğŸ””,bell
1131,u+1f515,bell_with_slash,ğŸ”•,bell with slash
1132,u+1f3bc,musical_score,ğŸ¼,musical score
1133,u+1f3b5,musical_note,ğŸµ,musical note
1134,u+1f3b6,musical_notes,ğŸ¶,musical notes
1135,u+1f399,studio_microphone,ğŸ™,studio microphone
1136,u+1f39a,level_slider,ğŸš,level slider
1137,u+1f39b,control_knobs,ğŸ›,control knobs
1138,u+1f3a4,microphone,ğŸ¤,microphone
1139,u+1f3a7,headphone,ğŸ§,headphone
1140,u+1f4fb,radio,ğŸ“»,radio
1141,u+1f3b7,saxophone,ğŸ·,saxophone
1142,u+1fa97,accordion,ğŸª—,accordion
1143,u+1f3b8,guitar,ğŸ¸,guitar
1144,u+1f3b9,musical_keyboard,ğŸ¹,musical keyboard
1145,u+1f3ba,trumpet,ğŸº,trumpet
1146,u+1f3bb,violin,ğŸ»,violin
1147,u+1fa95,banjo,ğŸª•,banjo
1148,u+1f941,drum,ğŸ¥,drum
1149,u+1fa98,long_drum,ğŸª˜,long drum
1150,u+1f4f1,mobile_phone,ğŸ“±,mobile phone
1151,u+1f4f2,mobile_phone_with_arrow,ğŸ“²,mobile phone with arrow
1152,u+260e,telephone,â˜,telephone
1153,u+1f4de,telephone_receiver,ğŸ“,telephone receiver
1154,u+1f4df,pager,ğŸ“Ÿ,pager
1155,u+1f4e0,fax_machine,ğŸ“ ,fax machine
1156,u+1f50b,battery,ğŸ”‹,battery
1157,u+1f50c,electric_plug,ğŸ”Œ,electric plug
1158,u+1f4bb,laptop,ğŸ’»,laptop
1159,u+1f5a5,desktop_computer,ğŸ–¥,desktop computer
1160,u+1f5a8,printer,ğŸ–¨,printer
1161,u+2328,keyboard,âŒ¨,keyboard
1162,u+1f5b1,computer_mouse,ğŸ–±,computer mouse
1163,u+1f5b2,trackball,ğŸ–²,trackball
1164,u+1f4bd,computer_disk,ğŸ’½,computer disk
1165,u+1f4be,floppy_disk,ğŸ’¾,floppy disk
1166,u+1f4bf,optical_disk,ğŸ’¿,optical disk
1167,u+1f4c0,dvd,ğŸ“€,dvd
1168,u+1f9ee,abacus,ğŸ§®,abacus
1169,u+1f3a5,movie_camera,ğŸ¥,movie camera
1170,u+1f39e,film_frames,ğŸ,film frames
1171,u+1f4fd,film_projector,ğŸ“½,film projector
1172,u+1f3ac,clapper_board,ğŸ¬,clapper board
1173,u+1f4fa,television,ğŸ“º,television
1174,u+1f4f7,camera,ğŸ“·,camera
1175,u+1f4f8,camera_with_flash,ğŸ“¸,camera with flash
1176,u+1f4f9,video_camera,ğŸ“¹,video camera
1177,u+1f4fc,videocassette,ğŸ“¼,videocassette
1178,u+1f50d,magnifying_glass_tilted_left,ğŸ”,magnifying glass tilted left
1179,u+1f50e,magnifying_glass_tilted_right,ğŸ”,magnifying glass tilted right
1180,u+1f56f,candle,ğŸ•¯,candle
1181,u+1f4a1,light_bulb,ğŸ’¡,light bulb
1182,u+1f526,flashlight,ğŸ”¦,flashlight
1183,u+1f3ee,red_paper_lantern,ğŸ®,red paper lantern
1184,u+1fa94,diya_lamp,ğŸª”,diya lamp
1185,u+1f4d4,notebook_with_decorative_cover,ğŸ“”,notebook with decorative cover
1186,u+1f4d5,closed_book,ğŸ“•,closed book
1187,u+1f4d6,open_book,ğŸ“–,open book
1188,u+1f4d7,green_book,ğŸ“—,green book
1189,u+1f4d8,blue_book,ğŸ“˜,blue book
1190,u+1f4d9,orange_book,ğŸ“™,orange book
1191,u+1f4da,books,ğŸ“š,books
1192,u+1f4d3,notebook,ğŸ““,notebook
1193,u+1f4d2,ledger,ğŸ“’,ledger
1194,u+1f4c3,page_with_curl,ğŸ“ƒ,page with curl
1195,u+1f4dc,scroll,ğŸ“œ,scroll
1196,u+1f4c4,page_facing_up,ğŸ“„,page facing up
1197,u+1f4f0,newspaper,ğŸ“°,newspaper
1198,u+1f5de,rolled_up_newspaper,ğŸ—,rolled-up newspaper
1199,u+1f4d1,bookmark_tabs,ğŸ“‘,bookmark tabs
1200,u+1f516,bookmark,ğŸ”–,bookmark
1201,u+1f3f7,label,ğŸ·,label
1202,u+1f4b0,money_bag,ğŸ’°,money bag
1203,u+1fa99,coin,ğŸª™,coin
1204,u+1f4b4,yen_banknote,ğŸ’´,yen banknote
1205,u+1f4b5,dollar_banknote,ğŸ’µ,dollar banknote
1206,u+1f4b6,euro_banknote,ğŸ’¶,euro banknote
1207,u+1f4b7,pound_banknote,ğŸ’·,pound banknote
1208,u+1f4b8,money_with_wings,ğŸ’¸,money with wings
1209,u+1f4b3,credit_card,ğŸ’³,credit card
1210,u+1f9fe,receipt,ğŸ§¾,receipt
1211,u+1f4b9,chart_increasing_with_yen,ğŸ’¹,chart increasing with yen
1212,u+2709,envelope,âœ‰,envelope
1213,u+1f4e7,email,ğŸ“§,e-mail
1214,u+1f4e8,incoming_envelope,ğŸ“¨,incoming envelope
1215,u+1f4e9,envelope_with_arrow,ğŸ“©,envelope with arrow
1216,u+1f4e4,outbox_tray,ğŸ“¤,outbox tray
1217,u+1f4e5,inbox_tray,ğŸ“¥,inbox tray
1218,u+1f4e6,package,ğŸ“¦,package
1219,u+1f4eb,closed_mailbox_with_raised_flag,ğŸ“«,closed mailbox with raised flag
1220,u+1f4ea,closed_mailbox_with_lowered_flag,ğŸ“ª,closed mailbox with lowered flag
1221,u+1f4ec,open_mailbox_with_raised_flag,ğŸ“¬,open mailbox with raised flag
1222,u+1f4ed,open_mailbox_with_lowered_flag,ğŸ“­,open mailbox with lowered flag
1223,u+1f4ee,postbox,ğŸ“®,postbox
1224,u+1f5f3,ballot_box_with_ballot,ğŸ—³,ballot box with ballot
1225,u+270f,pencil,âœ,pencil
1226,u+2712,black_nib,âœ’,black nib
1227,u+1f58b,fountain_pen,ğŸ–‹,fountain pen
1228,u+1f58a,pen,ğŸ–Š,pen
1229,u+1f58c,paintbrush,ğŸ–Œ,paintbrush
1230,u+1f58d,crayon,ğŸ–,crayon
1231,u+1f4dd,memo,ğŸ“,memo
1232,u+1f4bc,briefcase,ğŸ’¼,briefcase
1233,u+1f4c1,file_folder,ğŸ“,file folder
1234,u+1f4c2,open_file_folder,ğŸ“‚,open file folder
1235,u+1f5c2,card_index_dividers,ğŸ—‚,card index dividers
1236,u+1f4c5,calendar,ğŸ“…,calendar
1237,u+1f4c6,tearoff_calendar,ğŸ“†,tear-off calendar
1238,u+1f5d2,spiral_notepad,ğŸ—’,spiral notepad
1239,u+1f5d3,spiral_calendar,ğŸ—“,spiral calendar
1240,u+1f4c7,card_index,ğŸ“‡,card index
1241,u+1f4c8,chart_increasing,ğŸ“ˆ,chart increasing
1242,u+1f4c9,chart_decreasing,ğŸ“‰,chart decreasing
1243,u+1f4ca,bar_chart,ğŸ“Š,bar chart
1244,u+1f4cb,clipboard,ğŸ“‹,clipboard
1245,u+1f4cc,pushpin,ğŸ“Œ,pushpin
1246,u+1f4cd,round_pushpin,ğŸ“,round pushpin
1247,u+1f4ce,paperclip,ğŸ“,paperclip
1248,u+1f587,linked_paperclips,ğŸ–‡,linked paperclips
1249,u+1f4cf,straight_ruler,ğŸ“,straight ruler
1250,u+1f4d0,triangular_ruler,ğŸ“,triangular ruler
1251,u+2702,scissors,âœ‚,scissors
1252,u+1f5c3,card_file_box,ğŸ—ƒ,card file box
1253,u+1f5c4,file_cabinet,ğŸ—„,file cabinet
1254,u+1f5d1,wastebasket,ğŸ—‘,wastebasket
1255,u+1f512,locked,ğŸ”’,locked
1256,u+1f513,unlocked,ğŸ”“,unlocked
1257,u+1f50f,locked_with_pen,ğŸ”,locked with pen
1258,u+1f510,locked_with_key,ğŸ”,locked with key
1259,u+1f511,key,ğŸ”‘,key
1260,u+1f5dd,old_key,ğŸ—,old key
1261,u+1f528,hammer,ğŸ”¨,hammer
1262,u+1fa93,axe,ğŸª“,axe
1263,u+26cf,pick,â›,pick
1264,u+2692,hammer_and_pick,âš’,hammer and pick
1265,u+1f6e0,hammer_and_wrench,ğŸ› ,hammer and wrench
1266,u+1f5e1,dagger,ğŸ—¡,dagger
1267,u+2694,crossed_swords,âš”,crossed swords
1268,u+1f52b,water_pistol,ğŸ”«,water pistol
1269,u+1fa83,boomerang,ğŸªƒ,boomerang
1270,u+1f3f9,bow_and_arrow,ğŸ¹,bow and arrow
1271,u+1f6e1,shield,ğŸ›¡,shield
1272,u+1fa9a,carpentry_saw,ğŸªš,carpentry saw
1273,u+1f527,wrench,ğŸ”§,wrench
1274,u+1fa9b,screwdriver,ğŸª›,screwdriver
1275,u+1f529,nut_and_bolt,ğŸ”©,nut and bolt
1276,u+2699,gear,âš™,gear
1277,u+1f5dc,clamp,ğŸ—œ,clamp
1278,u+2696,balance_scale,âš–,balance scale
1279,u+1f9af,white_cane,ğŸ¦¯,white cane
1280,u+1f517,link,ğŸ”—,link
1281,u+26d3,chains,â›“,chains
1282,u+1fa9d,hook,ğŸª,hook
1283,u+1f9f0,toolbox,ğŸ§°,toolbox
1284,u+1f9f2,magnet,ğŸ§²,magnet
1285,u+1fa9c,ladder,ğŸªœ,ladder
1286,u+2697,alembic,âš—,alembic
1287,u+1f9ea,test_tube,ğŸ§ª,test tube
1288,u+1f9eb,petri_dish,ğŸ§«,petri dish
1289,u+1f9ec,dna,ğŸ§¬,dna
1290,u+1f52c,microscope,ğŸ”¬,microscope
1291,u+1f52d,telescope,ğŸ”­,telescope
1292,u+1f4e1,satellite_antenna,ğŸ“¡,satellite antenna
1293,u+1f489,syringe,ğŸ’‰,syringe
1294,u+1fa78,drop_of_blood,ğŸ©¸,drop of blood
1295,u+1f48a,pill,ğŸ’Š,pill
1296,u+1fa79,adhesive_bandage,ğŸ©¹,adhesive bandage
1297,u+1fa7a,stethoscope,ğŸ©º,stethoscope
1298,u+1f6aa,door,ğŸšª,door
1299,u+1f6d7,elevator,ğŸ›—,elevator
1300,u+1fa9e,mirror,ğŸª,mirror
1301,u+1fa9f,window,ğŸªŸ,window
1302,u+1f6cf,bed,ğŸ›,bed
1303,u+1f6cb,couch_and_lamp,ğŸ›‹,couch and lamp
1304,u+1fa91,chair,ğŸª‘,chair
1305,u+1f6bd,toilet,ğŸš½,toilet
1306,u+1faa0,plunger,ğŸª ,plunger
1307,u+1f6bf,shower,ğŸš¿,shower
1308,u+1f6c1,bathtub,ğŸ›,bathtub
1309,u+1faa4,mouse_trap,ğŸª¤,mouse trap
1310,u+1fa92,razor,ğŸª’,razor
1311,u+1f9f4,lotion_bottle,ğŸ§´,lotion bottle
1312,u+1f9f7,safety_pin,ğŸ§·,safety pin
1313,u+1f9f9,broom,ğŸ§¹,broom
1314,u+1f9fa,basket,ğŸ§º,basket
1315,u+1f9fb,roll_of_paper,ğŸ§»,roll of paper
1316,u+1faa3,bucket,ğŸª£,bucket
1317,u+1f9fc,soap,ğŸ§¼,soap
1318,u+1faa5,toothbrush,ğŸª¥,toothbrush
1319,u+1f9fd,sponge,ğŸ§½,sponge
1320,u+1f9ef,fire_extinguisher,ğŸ§¯,fire extinguisher
1321,u+1f6d2,shopping_cart,ğŸ›’,shopping cart
1322,u+1f6ac,cigarette,ğŸš¬,cigarette
1323,u+26b0,coffin,âš°,coffin
1324,u+1faa6,headstone,ğŸª¦,headstone
1325,u+26b1,funeral_urn,âš±,funeral urn
1326,u+1f5ff,moai,ğŸ—¿,moai
1327,u+1faa7,placard,ğŸª§,placard
1328,u+1f3e7,atm_sign,ğŸ§,ATM sign
1329,u+1f6ae,litter_in_bin_sign,ğŸš®,litter in bin sign
1330,u+1f6b0,potable_water,ğŸš°,potable water
1331,u+267f,wheelchair_symbol,â™¿,wheelchair symbol
1332,u+1f6b9,mens_room,ğŸš¹,menâ€™s room
1333,u+1f6ba,womens_room,ğŸšº,womenâ€™s room
1334,u+1f6bb,restroom,ğŸš»,restroom
1335,u+1f6bc,baby_symbol,ğŸš¼,baby symbol
1336,u+1f6be,water_closet,ğŸš¾,water closet
1337,u+1f6c2,passport_control,ğŸ›‚,passport control
1338,u+1f6c3,customs,ğŸ›ƒ,customs
1339,u+1f6c4,baggage_claim,ğŸ›„,baggage claim
1340,u+1f6c5,left_luggage,ğŸ›…,left luggage
1341,u+26a0,warning,âš ,warning
1342,u+1f6b8,children_crossing,ğŸš¸,children crossing
1343,u+26d4,no_entry,â›”,no entry
1344,u+1f6ab,prohibited,ğŸš«,prohibited
1345,u+1f6b3,no_bicycles,ğŸš³,no bicycles
1346,u+1f6ad,no_smoking,ğŸš­,no smoking
1347,u+1f6af,no_littering,ğŸš¯,no littering
1348,u+1f6b1,non_potable_water,ğŸš±,non-potable water
1349,u+1f6b7,no_pedestrians,ğŸš·,no pedestrians
1350,u+1f4f5,no_mobile_phones,ğŸ“µ,no mobile phones
1351,u+1f51e,no_one_under_eighteen,ğŸ”,no one under eighteen
1352,u+2622,radioactive,â˜¢,radioactive
1353,u+2623,biohazard,â˜£,biohazard
1354,u+2b06,up_arrow,â¬†,up arrow
1355,u+2197,up_right_arrow,â†—,up-right arrow
1356,u+27a1,right_arrow,â¡,right arrow
1357,u+2198,down_right_arrow,â†˜,down-right arrow
1358,u+2b07,down_arrow,â¬‡,down arrow
1359,u+2199,down_left_arrow,â†™,down-left arrow
1360,u+2b05,left_arrow,â¬…,left arrow
1361,u+2196,up_left_arrow,â†–,up-left arrow
1362,u+2195,up_down_arrow,â†•,up-down arrow
1363,u+2194,left_right_arrow,â†”,left-right arrow
1364,u+21a9,right_arrow_curving_left,â†©,right arrow curving left
1365,u+21aa,left_arrow_curving_right,â†ª,left arrow curving right
1366,u+2934,right_arrow_curving_up,â¤´,right arrow curving up
1367,u+2935,right_arrow_curving_down,â¤µ,right arrow curving down
1368,u+1f503,clockwise_vertical_arrows,ğŸ”ƒ,clockwise vertical arrows
1369,u+1f504,counterclockwise_arrows_button,ğŸ”„,counterclockwise arrows button
1370,u+1f519,back_arrow,ğŸ”™,BACK arrow
1371,u+1f51a,end_arrow,ğŸ”š,END arrow
1372,u+1f51b,on_arrow,ğŸ”›,ON! arrow
1373,u+1f51c,soon_arrow,ğŸ”œ,SOON arrow
1374,u+1f51d,top_arrow,ğŸ”,TOP arrow
1375,u+1f6d0,place_of_worship,ğŸ›,place of worship
1376,u+269b,atom_symbol,âš›,atom symbol
1377,u+1f549,om,ğŸ•‰,om
1378,u+2721,star_of_david,âœ¡,star of David
1379,u+2638,wheel_of_dharma,â˜¸,wheel of dharma
1380,u+262f,yin_yang,â˜¯,yin yang
1381,u+271d,latin_cross,âœ,latin cross
1382,u+2626,orthodox_cross,â˜¦,orthodox cross
1383,u+262a,star_and_crescent,â˜ª,star and crescent
1384,u+262e,peace_symbol,â˜®,peace symbol
1385,u+1f54e,menorah,ğŸ•,menorah
1386,u+1f52f,dotted_six_pointed_star,ğŸ”¯,dotted six-pointed star
1387,u+2648,aries,â™ˆ,Aries
1388,u+2649,taurus,â™‰,Taurus
1389,u+264a,gemini,â™Š,Gemini
1390,u+264b,cancer,â™‹,Cancer
1391,u+264c,leo,â™Œ,Leo
1392,u+264d,virgo,â™,Virgo
1393,u+264e,libra,â™,Libra
1394,u+264f,scorpio,â™,Scorpio
1395,u+2650,sagittarius,â™,Sagittarius
1396,u+2651,capricorn,â™‘,Capricorn
1397,u+2652,aquarius,â™’,Aquarius
1398,u+2653,pisces,â™“,Pisces
1399,u+26ce,ophiuchus,â›,Ophiuchus
1400,u+1f500,shuffle_tracks_button,ğŸ”€,shuffle tracks button
1401,u+1f501,repeat_button,ğŸ”,repeat button
1402,u+1f502,repeat_single_button,ğŸ”‚,repeat single button
1403,u+25b6,play_button,â–¶,play button
1404,u+23e9,fast_forward_button,â©,fast-forward button
1405,u+23ed,next_track_button,â­,next track button
1406,u+23ef,play_or_pause_button,â¯,play or pause button
1407,u+25c0,reverse_button,â—€,reverse button
1408,u+23ea,fast_reverse_button,âª,fast reverse button
1409,u+23ee,last_track_button,â®,last track button
1410,u+1f53c,upwards_button,ğŸ”¼,upwards button
1411,u+23eb,fast_up_button,â«,fast up button
1412,u+1f53d,downwards_button,ğŸ”½,downwards button
1413,u+23ec,fast_down_button,â¬,fast down button
1414,u+23f8,pause_button,â¸,pause button
1415,u+23f9,stop_button,â¹,stop button
1416,u+23fa,record_button,âº,record button
1417,u+23cf,eject_button,â,eject button
1418,u+1f3a6,cinema,ğŸ¦,cinema
1419,u+1f505,dim_button,ğŸ”…,dim button
1420,u+1f506,bright_button,ğŸ”†,bright button
1421,u+1f4f6,antenna_bars,ğŸ“¶,antenna bars
1422,u+1f4f3,vibration_mode,ğŸ“³,vibration mode
1423,u+1f4f4,mobile_phone_off,ğŸ“´,mobile phone off
1424,u+2640,female_sign,â™€,female sign
1425,u+2642,male_sign,â™‚,male sign
1426,u+26a7,transgender_symbol,âš§,transgender symbol
1427,u+2716,multiply,âœ–,multiply
1428,u+2795,plus,â•,plus
1429,u+2796,minus,â–,minus
1430,u+2797,divide,â—,divide
1431,u+267e,infinity,â™¾,infinity
1432,u+203c,double_exclamation_mark,â€¼,double exclamation mark
1433,u+2049,exclamation_question_mark,â‰,exclamation question mark
1434,u+2753,red_question_mark,â“,red question mark
1435,u+2754,white_question_mark,â”,white question mark
1436,u+2755,white_exclamation_mark,â•,white exclamation mark
1437,u+2757,red_exclamation_mark,â—,red exclamation mark
1438,u+3030,wavy_dash,ã€°,wavy dash
1439,u+1f4b1,currency_exchange,ğŸ’±,currency exchange
1440,u+1f4b2,heavy_dollar_sign,ğŸ’²,heavy dollar sign
1441,u+2695,medical_symbol,âš•,medical symbol
1442,u+267b,recycling_symbol,â™»,recycling symbol
1443,u+269c,fleur_de_lis,âšœ,fleur-de-lis
1444,u+1f531,trident_emblem,ğŸ”±,trident emblem
1445,u+1f4db,name_badge,ğŸ“›,name badge
1446,u+1f530,japanese_symbol_for_beginner,ğŸ”°,Japanese symbol for beginner
1447,u+2b55,hollow_red_circle,â­•,hollow red circle
1448,u+2705,check_mark_button,âœ…,check mark button
1449,u+2611,check_box_with_check,â˜‘,check box with check
1450,u+2714,check_mark,âœ”,check mark
1451,u+274c,cross_mark,âŒ,cross mark
1452,u+274e,cross_mark_button,â,cross mark button
1453,u+27b0,curly_loop,â°,curly loop
1454,u+27bf,double_curly_loop,â¿,double curly loop
1455,u+303d,part_alternation_mark,ã€½,part alternation mark
1456,u+2733,eight_spoked_asterisk,âœ³,eight-spoked asterisk
1457,u+2734,eight_pointed_star,âœ´,eight-pointed star
1458,u+2747,sparkle,â‡,sparkle
1459,u+00a9,copyright,Â©,copyright
1460,u+00ae,registered,Â®,registered
1461,u+2122,trade_mark,â„¢,trade mark
1462,u+0023-u+fe0f-u+20e3,keycap_hashtag,#ï¸âƒ£,"""keycap: #"""
1463,u+002a-u+fe0f-u+20e3,keycap_asterisk,*ï¸âƒ£,"""keycap: *"""
1464,u+0030-u+fe0f-u+20e3,keycap_0,0ï¸âƒ£,"""keycap: 0"""
1465,u+0031-u+fe0f-u+20e3,keycap_1,1ï¸âƒ£,"""keycap: 1"""
1466,u+0032-u+fe0f-u+20e3,keycap_2,2ï¸âƒ£,"""keycap: 2"""
1467,u+0033-u+fe0f-u+20e3,keycap_3,3ï¸âƒ£,"""keycap: 3"""
1468,u+0034-u+fe0f-u+20e3,keycap_4,4ï¸âƒ£,"""keycap: 4"""
1469,u+0035-u+fe0f-u+20e3,keycap_5,5ï¸âƒ£,"""keycap: 5"""
1470,u+0036-u+fe0f-u+20e3,keycap_6,6ï¸âƒ£,"""keycap: 6"""
1471,u+0037-u+fe0f-u+20e3,keycap_7,7ï¸âƒ£,"""keycap: 7"""
1472,u+0038-u+fe0f-u+20e3,keycap_8,8ï¸âƒ£,"""keycap: 8"""
1473,u+0039-u+fe0f-u+20e3,keycap_9,9ï¸âƒ£,"""keycap: 9"""
1474,u+1f51f,keycap_10,ğŸ”Ÿ,"""keycap: 10"""
1475,u+1f520,input_latin_uppercase,ğŸ” ,input latin uppercase
1476,u+1f521,input_latin_lowercase,ğŸ”¡,input latin lowercase
1477,u+1f522,input_numbers,ğŸ”¢,input numbers
1478,u+1f523,input_symbols,ğŸ”£,input symbols
1479,u+1f524,input_latin_letters,ğŸ”¤,input latin letters
1480,u+1f170,a_button_blood_type,ğŸ…°,A button (blood type)
1481,u+1f18e,ab_button_blood_type,ğŸ†,AB button (blood type)
1482,u+1f171,b_button_blood_type,ğŸ…±,B button (blood type)
1483,u+1f191,cl_button,ğŸ†‘,CL button
1484,u+1f192,cool_button,ğŸ†’,COOL button
1485,u+1f193,free_button,ğŸ†“,FREE button
1486,u+2139,information,â„¹,information
1487,u+1f194,id_button,ğŸ†”,ID button
1488,u+24c2,circled_m,â“‚,circled M
1489,u+1f195,new_button,ğŸ†•,NEW button
1490,u+1f196,ng_button,ğŸ†–,NG button
1491,u+1f17e,o_button_blood_type,ğŸ…¾,O button (blood type)
1492,u+1f197,ok_button,ğŸ†—,OK button
1493,u+1f17f,p_button,ğŸ…¿,P button
1494,u+1f198,sos_button,ğŸ†˜,SOS button
1495,u+1f199,up_button,ğŸ†™,UP! button
1496,u+1f19a,vs_button,ğŸ†š,VS button
1497,u+1f201,japanese_here_button,ğŸˆ,Japanese â€œhereâ€ button
1498,u+1f202,japanese_service_charge_button,ğŸˆ‚,Japanese â€œservice chargeâ€ button
1499,u+1f237,japanese_monthly_amount_button,ğŸˆ·,Japanese â€œmonthly amountâ€ button
1500,u+1f236,japanese_not_free_of_charge_button,ğŸˆ¶,Japanese â€œnot free of chargeâ€ button
1501,u+1f22f,japanese_reserved_button,ğŸˆ¯,Japanese â€œreservedâ€ button
1502,u+1f250,japanese_bargain_button,ğŸ‰,Japanese â€œbargainâ€ button
1503,u+1f239,japanese_discount_button,ğŸˆ¹,Japanese â€œdiscountâ€ button
1504,u+1f21a,japanese_free_of_charge_button,ğŸˆš,Japanese â€œfree of chargeâ€ button
1505,u+1f232,japanese_prohibited_button,ğŸˆ²,Japanese â€œprohibitedâ€ button
1506,u+1f251,japanese_acceptable_button,ğŸ‰‘,Japanese â€œacceptableâ€ button
1507,u+1f238,japanese_application_button,ğŸˆ¸,Japanese â€œapplicationâ€ button
1508,u+1f234,japanese_passing_grade_button,ğŸˆ´,Japanese â€œpassing gradeâ€ button
1509,u+1f233,japanese_vacancy_button,ğŸˆ³,Japanese â€œvacancyâ€ button
1510,u+3297,japanese_congratulations_button,ãŠ—,Japanese â€œcongratulationsâ€ button
1511,u+3299,japanese_secret_button,ãŠ™,Japanese â€œsecretâ€ button
1512,u+1f23a,japanese_open_for_business_button,ğŸˆº,Japanese â€œopen for businessâ€ button
1513,u+1f235,japanese_no_vacancy_button,ğŸˆµ,Japanese â€œno vacancyâ€ button
1514,u+1f534,red_circle,ğŸ”´,red circle
1515,u+1f7e0,orange_circle,ğŸŸ ,orange circle
1516,u+1f7e1,yellow_circle,ğŸŸ¡,yellow circle
1517,u+1f7e2,green_circle,ğŸŸ¢,green circle
1518,u+1f535,blue_circle,ğŸ”µ,blue circle
1519,u+1f7e3,purple_circle,ğŸŸ£,purple circle
1520,u+1f7e4,brown_circle,ğŸŸ¤,brown circle
1521,u+26ab,black_circle,âš«,black circle
1522,u+26aa,white_circle,âšª,white circle
1523,u+1f7e5,red_square,ğŸŸ¥,red square
1524,u+1f7e7,orange_square,ğŸŸ§,orange square
1525,u+1f7e8,yellow_square,ğŸŸ¨,yellow square
1526,u+1f7e9,green_square,ğŸŸ©,green square
1527,u+1f7e6,blue_square,ğŸŸ¦,blue square
1528,u+1f7ea,purple_square,ğŸŸª,purple square
1529,u+1f7eb,brown_square,ğŸŸ«,brown square
1530,u+2b1b,black_large_square,â¬›,black large square
1531,u+2b1c,white_large_square,â¬œ,white large square
1532,u+25fc,black_medium_square,â—¼,black medium square
1533,u+25fb,white_medium_square,â—»,white medium square
1534,u+25fe,black_medium_small_square,â—¾,black medium-small square
1535,u+25fd,white_medium_small_square,â—½,white medium-small square
1536,u+25aa,black_small_square,â–ª,black small square
1537,u+25ab,white_small_square,â–«,white small square
1538,u+1f536,large_orange_diamond,ğŸ”¶,large orange diamond
1539,u+1f537,large_blue_diamond,ğŸ”·,large blue diamond
1540,u+1f538,small_orange_diamond,ğŸ”¸,small orange diamond
1541,u+1f539,small_blue_diamond,ğŸ”¹,small blue diamond
1542,u+1f53a,red_triangle_pointed_up,ğŸ”º,red triangle pointed up
1543,u+1f53b,red_triangle_pointed_down,ğŸ”»,red triangle pointed down
1544,u+1f4a0,diamond_with_a_dot,ğŸ’ ,diamond with a dot
1545,u+1f518,radio_button,ğŸ”˜,radio button
1546,u+1f533,white_square_button,ğŸ”³,white square button
1547,u+1f532,black_square_button,ğŸ”²,black square button
1548,u+1f3c1,chequered_flag,ğŸ,chequered flag
1549,u+1f6a9,triangular_flag,ğŸš©,triangular flag
1550,u+1f38c,crossed_flags,ğŸŒ,crossed flags
1551,u+1f3f4,black_flag,ğŸ´,black flag
1552,u+1f3f3,white_flag,ğŸ³,white flag
1553,u+1f3f3-u+fe0f-u+200d-u+1f308,rainbow_flag,ğŸ³ï¸â€ğŸŒˆ,rainbow flag
1554,u+1f3f3-u+fe0f-u+200d-u+26a7-u+fe0f,transgender_flag,ğŸ³ï¸â€âš§ï¸,transgender flag
1555,u+1f3f4-u+200d-u+2620-u+fe0f,pirate_flag,ğŸ´â€â˜ ï¸,pirate flag
1556,u+1f1e6-u+1f1e8,flag_ascension_island,ğŸ‡¦ğŸ‡¨,"""flag: Ascension Island"""
1557,u+1f1e6-u+1f1e9,flag_andorra,ğŸ‡¦ğŸ‡©,"""flag: Andorra"""
1558,u+1f1e6-u+1f1ea,flag_united_arab_emirates,ğŸ‡¦ğŸ‡ª,"""flag: United Arab Emirates"""
1559,u+1f1e6-u+1f1eb,flag_afghanistan,ğŸ‡¦ğŸ‡«,"""flag: Afghanistan"""
1560,u+1f1e6-u+1f1ec,flag_antigua_and_barbuda,ğŸ‡¦ğŸ‡¬,"""flag: Antigua & Barbuda"""
1561,u+1f1e6-u+1f1ee,flag_anguilla,ğŸ‡¦ğŸ‡®,"""flag: Anguilla"""
1562,u+1f1e6-u+1f1f1,flag_albania,ğŸ‡¦ğŸ‡±,"""flag: Albania"""
1563,u+1f1e6-u+1f1f2,flag_armenia,ğŸ‡¦ğŸ‡²,"""flag: Armenia"""
1564,u+1f1e6-u+1f1f4,flag_angola,ğŸ‡¦ğŸ‡´,"""flag: Angola"""
1565,u+1f1e6-u+1f1f6,flag_antarctica,ğŸ‡¦ğŸ‡¶,"""flag: Antarctica"""
1566,u+1f1e6-u+1f1f7,flag_argentina,ğŸ‡¦ğŸ‡·,"""flag: Argentina"""
1567,u+1f1e6-u+1f1f8,flag_american_samoa,ğŸ‡¦ğŸ‡¸,"""flag: American Samoa"""
1568,u+1f1e6-u+1f1f9,flag_austria,ğŸ‡¦ğŸ‡¹,"""flag: Austria"""
1569,u+1f1e6-u+1f1fa,flag_australia,ğŸ‡¦ğŸ‡º,"""flag: Australia"""
1570,u+1f1e6-u+1f1fc,flag_aruba,ğŸ‡¦ğŸ‡¼,"""flag: Aruba"""
1571,u+1f1e6-u+1f1fd,flag_aland_islands,ğŸ‡¦ğŸ‡½,"""flag: Ã…land Islands"""
1572,u+1f1e6-u+1f1ff,flag_azerbaijan,ğŸ‡¦ğŸ‡¿,"""flag: Azerbaijan"""
1573,u+1f1e7-u+1f1e6,flag_bosnia_and_herzegovina,ğŸ‡§ğŸ‡¦,"""flag: Bosnia & Herzegovina"""
1574,u+1f1e7-u+1f1e7,flag_barbados,ğŸ‡§ğŸ‡§,"""flag: Barbados"""
1575,u+1f1e7-u+1f1e9,flag_bangladesh,ğŸ‡§ğŸ‡©,"""flag: Bangladesh"""
1576,u+1f1e7-u+1f1ea,flag_belgium,ğŸ‡§ğŸ‡ª,"""flag: Belgium"""
1577,u+1f1e7-u+1f1eb,flag_burkina_faso,ğŸ‡§ğŸ‡«,"""flag: Burkina Faso"""
1578,u+1f1e7-u+1f1ec,flag_bulgaria,ğŸ‡§ğŸ‡¬,"""flag: Bulgaria"""
1579,u+1f1e7-u+1f1ed,flag_bahrain,ğŸ‡§ğŸ‡­,"""flag: Bahrain"""
1580,u+1f1e7-u+1f1ee,flag_burundi,ğŸ‡§ğŸ‡®,"""flag: Burundi"""
1581,u+1f1e7-u+1f1ef,flag_benin,ğŸ‡§ğŸ‡¯,"""flag: Benin"""
1582,u+1f1e7-u+1f1f1,flag_st_barthelemy,ğŸ‡§ğŸ‡±,"""flag: St. BarthÃ©lemy"""
1583,u+1f1e7-u+1f1f2,flag_bermuda,ğŸ‡§ğŸ‡²,"""flag: Bermuda"""
1584,u+1f1e7-u+1f1f3,flag_brunei,ğŸ‡§ğŸ‡³,"""flag: Brunei"""
1585,u+1f1e7-u+1f1f4,flag_bolivia,ğŸ‡§ğŸ‡´,"""flag: Bolivia"""
1586,u+1f1e7-u+1f1f6,flag_caribbean_netherlands,ğŸ‡§ğŸ‡¶,"""flag: Caribbean Netherlands"""
1587,u+1f1e7-u+1f1f7,flag_brazil,ğŸ‡§ğŸ‡·,"""flag: Brazil"""
1588,u+1f1e7-u+1f1f8,flag_bahamas,ğŸ‡§ğŸ‡¸,"""flag: Bahamas"""
1589,u+1f1e7-u+1f1f9,flag_bhutan,ğŸ‡§ğŸ‡¹,"""flag: Bhutan"""
1590,u+1f1e7-u+1f1fb,flag_bouvet_island,ğŸ‡§ğŸ‡»,"""flag: Bouvet Island"""
1591,u+1f1e7-u+1f1fc,flag_botswana,ğŸ‡§ğŸ‡¼,"""flag: Botswana"""
1592,u+1f1e7-u+1f1fe,flag_belarus,ğŸ‡§ğŸ‡¾,"""flag: Belarus"""
1593,u+1f1e7-u+1f1ff,flag_belize,ğŸ‡§ğŸ‡¿,"""flag: Belize"""
1594,u+1f1e8-u+1f1e6,flag_canada,ğŸ‡¨ğŸ‡¦,"""flag: Canada"""
1595,u+1f1e8-u+1f1e8,flag_cocos_keeling_islands,ğŸ‡¨ğŸ‡¨,"""flag: Cocos (Keeling) Islands"""
1596,u+1f1e8-u+1f1e9,flag_congo_kinshasa,ğŸ‡¨ğŸ‡©,"""flag: Congo - Kinshasa"""
1597,u+1f1e8-u+1f1eb,flag_central_african_republic,ğŸ‡¨ğŸ‡«,"""flag: Central African Republic"""
1598,u+1f1e8-u+1f1ec,flag_congo_brazzaville,ğŸ‡¨ğŸ‡¬,"""flag: Congo - Brazzaville"""
1599,u+1f1e8-u+1f1ed,flag_switzerland,ğŸ‡¨ğŸ‡­,"""flag: Switzerland"""
1600,u+1f1e8-u+1f1ee,flag_cote_divoire,ğŸ‡¨ğŸ‡®,"""flag: CÃ´te dâ€™Ivoire"""
1601,u+1f1e8-u+1f1f0,flag_cook_islands,ğŸ‡¨ğŸ‡°,"""flag: Cook Islands"""
1602,u+1f1e8-u+1f1f1,flag_chile,ğŸ‡¨ğŸ‡±,"""flag: Chile"""
1603,u+1f1e8-u+1f1f2,flag_cameroon,ğŸ‡¨ğŸ‡²,"""flag: Cameroon"""
1604,u+1f1e8-u+1f1f3,flag_china,ğŸ‡¨ğŸ‡³,"""flag: China"""
1605,u+1f1e8-u+1f1f4,flag_colombia,ğŸ‡¨ğŸ‡´,"""flag: Colombia"""
1606,u+1f1e8-u+1f1f5,flag_clipperton_island,ğŸ‡¨ğŸ‡µ,"""flag: Clipperton Island"""
1607,u+1f1e8-u+1f1f7,flag_costa_rica,ğŸ‡¨ğŸ‡·,"""flag: Costa Rica"""
1608,u+1f1e8-u+1f1fa,flag_cuba,ğŸ‡¨ğŸ‡º,"""flag: Cuba"""
1609,u+1f1e8-u+1f1fb,flag_cape_verde,ğŸ‡¨ğŸ‡»,"""flag: Cape Verde"""
1610,u+1f1e8-u+1f1fc,flag_curacao,ğŸ‡¨ğŸ‡¼,"""flag: CuraÃ§ao"""
1611,u+1f1e8-u+1f1fd,flag_christmas_island,ğŸ‡¨ğŸ‡½,"""flag: Christmas Island"""
1612,u+1f1e8-u+1f1fe,flag_cyprus,ğŸ‡¨ğŸ‡¾,"""flag: Cyprus"""
1613,u+1f1e8-u+1f1ff,flag_czechia,ğŸ‡¨ğŸ‡¿,"""flag: Czechia"""
1614,u+1f1e9-u+1f1ea,flag_germany,ğŸ‡©ğŸ‡ª,"""flag: Germany"""
1615,u+1f1e9-u+1f1ec,flag_diego_garcia,ğŸ‡©ğŸ‡¬,"""flag: Diego Garcia"""
1616,u+1f1e9-u+1f1ef,flag_djibouti,ğŸ‡©ğŸ‡¯,"""flag: Djibouti"""
1617,u+1f1e9-u+1f1f0,flag_denmark,ğŸ‡©ğŸ‡°,"""flag: Denmark"""
1618,u+1f1e9-u+1f1f2,flag_dominica,ğŸ‡©ğŸ‡²,"""flag: Dominica"""
1619,u+1f1e9-u+1f1f4,flag_dominican_republic,ğŸ‡©ğŸ‡´,"""flag: Dominican Republic"""
1620,u+1f1e9-u+1f1ff,flag_algeria,ğŸ‡©ğŸ‡¿,"""flag: Algeria"""
1621,u+1f1ea-u+1f1e6,flag_ceuta_and_melilla,ğŸ‡ªğŸ‡¦,"""flag: Ceuta & Melilla"""
1622,u+1f1ea-u+1f1e8,flag_ecuador,ğŸ‡ªğŸ‡¨,"""flag: Ecuador"""
1623,u+1f1ea-u+1f1ea,flag_estonia,ğŸ‡ªğŸ‡ª,"""flag: Estonia"""
1624,u+1f1ea-u+1f1ec,flag_egypt,ğŸ‡ªğŸ‡¬,"""flag: Egypt"""
1625,u+1f1ea-u+1f1ed,flag_western_sahara,ğŸ‡ªğŸ‡­,"""flag: Western Sahara"""
1626,u+1f1ea-u+1f1f7,flag_eritrea,ğŸ‡ªğŸ‡·,"""flag: Eritrea"""
1627,u+1f1ea-u+1f1f8,flag_spain,ğŸ‡ªğŸ‡¸,"""flag: Spain"""
1628,u+1f1ea-u+1f1f9,flag_ethiopia,ğŸ‡ªğŸ‡¹,"""flag: Ethiopia"""
1629,u+1f1ea-u+1f1fa,flag_european_union,ğŸ‡ªğŸ‡º,"""flag: European Union"""
1630,u+1f1eb-u+1f1ee,flag_finland,ğŸ‡«ğŸ‡®,"""flag: Finland"""
1631,u+1f1eb-u+1f1ef,flag_fiji,ğŸ‡«ğŸ‡¯,"""flag: Fiji"""
1632,u+1f1eb-u+1f1f0,flag_falkland_islands,ğŸ‡«ğŸ‡°,"""flag: Falkland Islands"""
1633,u+1f1eb-u+1f1f2,flag_micronesia,ğŸ‡«ğŸ‡²,"""flag: Micronesia"""
1634,u+1f1eb-u+1f1f4,flag_faroe_islands,ğŸ‡«ğŸ‡´,"""flag: Faroe Islands"""
1635,u+1f1eb-u+1f1f7,flag_france,ğŸ‡«ğŸ‡·,"""flag: France"""
1636,u+1f1ec-u+1f1e6,flag_gabon,ğŸ‡¬ğŸ‡¦,"""flag: Gabon"""
1637,u+1f1ec-u+1f1e7,flag_united_kingdom,ğŸ‡¬ğŸ‡§,"""flag: United Kingdom"""
1638,u+1f1ec-u+1f1e9,flag_grenada,ğŸ‡¬ğŸ‡©,"""flag: Grenada"""
1639,u+1f1ec-u+1f1ea,flag_georgia,ğŸ‡¬ğŸ‡ª,"""flag: Georgia"""
1640,u+1f1ec-u+1f1eb,flag_french_guiana,ğŸ‡¬ğŸ‡«,"""flag: French Guiana"""
1641,u+1f1ec-u+1f1ec,flag_guernsey,ğŸ‡¬ğŸ‡¬,"""flag: Guernsey"""
1642,u+1f1ec-u+1f1ed,flag_ghana,ğŸ‡¬ğŸ‡­,"""flag: Ghana"""
1643,u+1f1ec-u+1f1ee,flag_gibraltar,ğŸ‡¬ğŸ‡®,"""flag: Gibraltar"""
1644,u+1f1ec-u+1f1f1,flag_greenland,ğŸ‡¬ğŸ‡±,"""flag: Greenland"""
1645,u+1f1ec-u+1f1f2,flag_gambia,ğŸ‡¬ğŸ‡²,"""flag: Gambia"""
1646,u+1f1ec-u+1f1f3,flag_guinea,ğŸ‡¬ğŸ‡³,"""flag: Guinea"""
1647,u+1f1ec-u+1f1f5,flag_guadeloupe,ğŸ‡¬ğŸ‡µ,"""flag: Guadeloupe"""
1648,u+1f1ec-u+1f1f6,flag_equatorial_guinea,ğŸ‡¬ğŸ‡¶,"""flag: Equatorial Guinea"""
1649,u+1f1ec-u+1f1f7,flag_greece,ğŸ‡¬ğŸ‡·,"""flag: Greece"""
1650,u+1f1ec-u+1f1f8,flag_south_georgia_and_south_sandwich_islands,ğŸ‡¬ğŸ‡¸,"""flag: South Georgia & South Sandwich Islands"""
1651,u+1f1ec-u+1f1f9,flag_guatemala,ğŸ‡¬ğŸ‡¹,"""flag: Guatemala"""
1652,u+1f1ec-u+1f1fa,flag_guam,ğŸ‡¬ğŸ‡º,"""flag: Guam"""
1653,u+1f1ec-u+1f1fc,flag_guinea_bissau,ğŸ‡¬ğŸ‡¼,"""flag: Guinea-Bissau"""
1654,u+1f1ec-u+1f1fe,flag_guyana,ğŸ‡¬ğŸ‡¾,"""flag: Guyana"""
1655,u+1f1ed-u+1f1f0,flag_hong_kong_sar_china,ğŸ‡­ğŸ‡°,"""flag: Hong Kong SAR China"""
1656,u+1f1ed-u+1f1f2,flag_heard_and_mcdonald_islands,ğŸ‡­ğŸ‡²,"""flag: Heard & McDonald Islands"""
1657,u+1f1ed-u+1f1f3,flag_honduras,ğŸ‡­ğŸ‡³,"""flag: Honduras"""
1658,u+1f1ed-u+1f1f7,flag_croatia,ğŸ‡­ğŸ‡·,"""flag: Croatia"""
1659,u+1f1ed-u+1f1f9,flag_haiti,ğŸ‡­ğŸ‡¹,"""flag: Haiti"""
1660,u+1f1ed-u+1f1fa,flag_hungary,ğŸ‡­ğŸ‡º,"""flag: Hungary"""
1661,u+1f1ee-u+1f1e8,flag_canary_islands,ğŸ‡®ğŸ‡¨,"""flag: Canary Islands"""
1662,u+1f1ee-u+1f1e9,flag_indonesia,ğŸ‡®ğŸ‡©,"""flag: Indonesia"""
1663,u+1f1ee-u+1f1ea,flag_ireland,ğŸ‡®ğŸ‡ª,"""flag: Ireland"""
1664,u+1f1ee-u+1f1f1,flag_israel,ğŸ‡®ğŸ‡±,"""flag: Israel"""
1665,u+1f1ee-u+1f1f2,flag_isle_of_man,ğŸ‡®ğŸ‡²,"""flag: Isle of Man"""
1666,u+1f1ee-u+1f1f3,flag_india,ğŸ‡®ğŸ‡³,"""flag: India"""
1667,u+1f1ee-u+1f1f4,flag_british_indian_ocean_territory,ğŸ‡®ğŸ‡´,"""flag: British Indian Ocean Territory"""
1668,u+1f1ee-u+1f1f6,flag_iraq,ğŸ‡®ğŸ‡¶,"""flag: Iraq"""
1669,u+1f1ee-u+1f1f7,flag_iran,ğŸ‡®ğŸ‡·,"""flag: Iran"""
1670,u+1f1ee-u+1f1f8,flag_iceland,ğŸ‡®ğŸ‡¸,"""flag: Iceland"""
1671,u+1f1ee-u+1f1f9,flag_italy,ğŸ‡®ğŸ‡¹,"""flag: Italy"""
1672,u+1f1ef-u+1f1ea,flag_jersey,ğŸ‡¯ğŸ‡ª,"""flag: Jersey"""
1673,u+1f1ef-u+1f1f2,flag_jamaica,ğŸ‡¯ğŸ‡²,"""flag: Jamaica"""
1674,u+1f1ef-u+1f1f4,flag_jordan,ğŸ‡¯ğŸ‡´,"""flag: Jordan"""
1675,u+1f1ef-u+1f1f5,flag_japan,ğŸ‡¯ğŸ‡µ,"""flag: Japan"""
1676,u+1f1f0-u+1f1ea,flag_kenya,ğŸ‡°ğŸ‡ª,"""flag: Kenya"""
1677,u+1f1f0-u+1f1ec,flag_kyrgyzstan,ğŸ‡°ğŸ‡¬,"""flag: Kyrgyzstan"""
1678,u+1f1f0-u+1f1ed,flag_cambodia,ğŸ‡°ğŸ‡­,"""flag: Cambodia"""
1679,u+1f1f0-u+1f1ee,flag_kiribati,ğŸ‡°ğŸ‡®,"""flag: Kiribati"""
1680,u+1f1f0-u+1f1f2,flag_comoros,ğŸ‡°ğŸ‡²,"""flag: Comoros"""
1681,u+1f1f0-u+1f1f3,flag_st_kitts_and_nevis,ğŸ‡°ğŸ‡³,"""flag: St. Kitts & Nevis"""
1682,u+1f1f0-u+1f1f5,flag_north_korea,ğŸ‡°ğŸ‡µ,"""flag: North Korea"""
1683,u+1f1f0-u+1f1f7,flag_south_korea,ğŸ‡°ğŸ‡·,"""flag: South Korea"""
1684,u+1f1f0-u+1f1fc,flag_kuwait,ğŸ‡°ğŸ‡¼,"""flag: Kuwait"""
1685,u+1f1f0-u+1f1fe,flag_cayman_islands,ğŸ‡°ğŸ‡¾,"""flag: Cayman Islands"""
1686,u+1f1f0-u+1f1ff,flag_kazakhstan,ğŸ‡°ğŸ‡¿,"""flag: Kazakhstan"""
1687,u+1f1f1-u+1f1e6,flag_laos,ğŸ‡±ğŸ‡¦,"""flag: Laos"""
1688,u+1f1f1-u+1f1e7,flag_lebanon,ğŸ‡±ğŸ‡§,"""flag: Lebanon"""
1689,u+1f1f1-u+1f1e8,flag_st_lucia,ğŸ‡±ğŸ‡¨,"""flag: St. Lucia"""
1690,u+1f1f1-u+1f1ee,flag_liechtenstein,ğŸ‡±ğŸ‡®,"""flag: Liechtenstein"""
1691,u+1f1f1-u+1f1f0,flag_sri_lanka,ğŸ‡±ğŸ‡°,"""flag: Sri Lanka"""
1692,u+1f1f1-u+1f1f7,flag_liberia,ğŸ‡±ğŸ‡·,"""flag: Liberia"""
1693,u+1f1f1-u+1f1f8,flag_lesotho,ğŸ‡±ğŸ‡¸,"""flag: Lesotho"""
1694,u+1f1f1-u+1f1f9,flag_lithuania,ğŸ‡±ğŸ‡¹,"""flag: Lithuania"""
1695,u+1f1f1-u+1f1fa,flag_luxembourg,ğŸ‡±ğŸ‡º,"""flag: Luxembourg"""
1696,u+1f1f1-u+1f1fb,flag_latvia,ğŸ‡±ğŸ‡»,"""flag: Latvia"""
1697,u+1f1f1-u+1f1fe,flag_libya,ğŸ‡±ğŸ‡¾,"""flag: Libya"""
1698,u+1f1f2-u+1f1e6,flag_morocco,ğŸ‡²ğŸ‡¦,"""flag: Morocco"""
1699,u+1f1f2-u+1f1e8,flag_monaco,ğŸ‡²ğŸ‡¨,"""flag: Monaco"""
1700,u+1f1f2-u+1f1e9,flag_moldova,ğŸ‡²ğŸ‡©,"""flag: Moldova"""
1701,u+1f1f2-u+1f1ea,flag_montenegro,ğŸ‡²ğŸ‡ª,"""flag: Montenegro"""
1702,u+1f1f2-u+1f1eb,flag_st_martin,ğŸ‡²ğŸ‡«,"""flag: St. Martin"""
1703,u+1f1f2-u+1f1ec,flag_madagascar,ğŸ‡²ğŸ‡¬,"""flag: Madagascar"""
1704,u+1f1f2-u+1f1ed,flag_marshall_islands,ğŸ‡²ğŸ‡­,"""flag: Marshall Islands"""
1705,u+1f1f2-u+1f1f0,flag_north_macedonia,ğŸ‡²ğŸ‡°,"""flag: North Macedonia"""
1706,u+1f1f2-u+1f1f1,flag_mali,ğŸ‡²ğŸ‡±,"""flag: Mali"""
1707,u+1f1f2-u+1f1f2,flag_myanmar_burma,ğŸ‡²ğŸ‡²,"""flag: Myanmar (Burma)"""
1708,u+1f1f2-u+1f1f3,flag_mongolia,ğŸ‡²ğŸ‡³,"""flag: Mongolia"""
1709,u+1f1f2-u+1f1f4,flag_macao_sar_china,ğŸ‡²ğŸ‡´,"""flag: Macao SAR China"""
1710,u+1f1f2-u+1f1f5,flag_northern_mariana_islands,ğŸ‡²ğŸ‡µ,"""flag: Northern Mariana Islands"""
1711,u+1f1f2-u+1f1f6,flag_martinique,ğŸ‡²ğŸ‡¶,"""flag: Martinique"""
1712,u+1f1f2-u+1f1f7,flag_mauritania,ğŸ‡²ğŸ‡·,"""flag: Mauritania"""
1713,u+1f1f2-u+1f1f8,flag_montserrat,ğŸ‡²ğŸ‡¸,"""flag: Montserrat"""
1714,u+1f1f2-u+1f1f9,flag_malta,ğŸ‡²ğŸ‡¹,"""flag: Malta"""
1715,u+1f1f2-u+1f1fa,flag_mauritius,ğŸ‡²ğŸ‡º,"""flag: Mauritius"""
1716,u+1f1f2-u+1f1fb,flag_maldives,ğŸ‡²ğŸ‡»,"""flag: Maldives"""
1717,u+1f1f2-u+1f1fc,flag_malawi,ğŸ‡²ğŸ‡¼,"""flag: Malawi"""
1718,u+1f1f2-u+1f1fd,flag_mexico,ğŸ‡²ğŸ‡½,"""flag: Mexico"""
1719,u+1f1f2-u+1f1fe,flag_malaysia,ğŸ‡²ğŸ‡¾,"""flag: Malaysia"""
1720,u+1f1f2-u+1f1ff,flag_mozambique,ğŸ‡²ğŸ‡¿,"""flag: Mozambique"""
1721,u+1f1f3-u+1f1e6,flag_namibia,ğŸ‡³ğŸ‡¦,"""flag: Namibia"""
1722,u+1f1f3-u+1f1e8,flag_new_caledonia,ğŸ‡³ğŸ‡¨,"""flag: New Caledonia"""
1723,u+1f1f3-u+1f1ea,flag_niger,ğŸ‡³ğŸ‡ª,"""flag: Niger"""
1724,u+1f1f3-u+1f1eb,flag_norfolk_island,ğŸ‡³ğŸ‡«,"""flag: Norfolk Island"""
1725,u+1f1f3-u+1f1ec,flag_nigeria,ğŸ‡³ğŸ‡¬,"""flag: Nigeria"""
1726,u+1f1f3-u+1f1ee,flag_nicaragua,ğŸ‡³ğŸ‡®,"""flag: Nicaragua"""
1727,u+1f1f3-u+1f1f1,flag_netherlands,ğŸ‡³ğŸ‡±,"""flag: Netherlands"""
1728,u+1f1f3-u+1f1f4,flag_norway,ğŸ‡³ğŸ‡´,"""flag: Norway"""
1729,u+1f1f3-u+1f1f5,flag_nepal,ğŸ‡³ğŸ‡µ,"""flag: Nepal"""
1730,u+1f1f3-u+1f1f7,flag_nauru,ğŸ‡³ğŸ‡·,"""flag: Nauru"""
1731,u+1f1f3-u+1f1fa,flag_niue,ğŸ‡³ğŸ‡º,"""flag: Niue"""
1732,u+1f1f3-u+1f1ff,flag_new_zealand,ğŸ‡³ğŸ‡¿,"""flag: New Zealand"""
1733,u+1f1f4-u+1f1f2,flag_oman,ğŸ‡´ğŸ‡²,"""flag: Oman"""
1734,u+1f1f5-u+1f1e6,flag_panama,ğŸ‡µğŸ‡¦,"""flag: Panama"""
1735,u+1f1f5-u+1f1ea,flag_peru,ğŸ‡µğŸ‡ª,"""flag: Peru"""
1736,u+1f1f5-u+1f1eb,flag_french_polynesia,ğŸ‡µğŸ‡«,"""flag: French Polynesia"""
1737,u+1f1f5-u+1f1ec,flag_papua_new_guinea,ğŸ‡µğŸ‡¬,"""flag: Papua New Guinea"""
1738,u+1f1f5-u+1f1ed,flag_philippines,ğŸ‡µğŸ‡­,"""flag: Philippines"""
1739,u+1f1f5-u+1f1f0,flag_pakistan,ğŸ‡µğŸ‡°,"""flag: Pakistan"""
1740,u+1f1f5-u+1f1f1,flag_poland,ğŸ‡µğŸ‡±,"""flag: Poland"""
1741,u+1f1f5-u+1f1f2,flag_st_pierre_and_miquelon,ğŸ‡µğŸ‡²,"""flag: St. Pierre & Miquelon"""
1742,u+1f1f5-u+1f1f3,flag_pitcairn_islands,ğŸ‡µğŸ‡³,"""flag: Pitcairn Islands"""
1743,u+1f1f5-u+1f1f7,flag_puerto_rico,ğŸ‡µğŸ‡·,"""flag: Puerto Rico"""
1744,u+1f1f5-u+1f1f8,flag_palestinian_territories,ğŸ‡µğŸ‡¸,"""flag: Palestinian Territories"""
1745,u+1f1f5-u+1f1f9,flag_portugal,ğŸ‡µğŸ‡¹,"""flag: Portugal"""
1746,u+1f1f5-u+1f1fc,flag_palau,ğŸ‡µğŸ‡¼,"""flag: Palau"""
1747,u+1f1f5-u+1f1fe,flag_paraguay,ğŸ‡µğŸ‡¾,"""flag: Paraguay"""
1748,u+1f1f6-u+1f1e6,flag_qatar,ğŸ‡¶ğŸ‡¦,"""flag: Qatar"""
1749,u+1f1f7-u+1f1ea,flag_reunion,ğŸ‡·ğŸ‡ª,"""flag: RÃ©union"""
1750,u+1f1f7-u+1f1f4,flag_romania,ğŸ‡·ğŸ‡´,"""flag: Romania"""
1751,u+1f1f7-u+1f1f8,flag_serbia,ğŸ‡·ğŸ‡¸,"""flag: Serbia"""
1752,u+1f1f7-u+1f1fa,flag_russia,ğŸ‡·ğŸ‡º,"""flag: Russia"""
1753,u+1f1f7-u+1f1fc,flag_rwanda,ğŸ‡·ğŸ‡¼,"""flag: Rwanda"""
1754,u+1f1f8-u+1f1e6,flag_saudi_arabia,ğŸ‡¸ğŸ‡¦,"""flag: Saudi Arabia"""
1755,u+1f1f8-u+1f1e7,flag_solomon_islands,ğŸ‡¸ğŸ‡§,"""flag: Solomon Islands"""
1756,u+1f1f8-u+1f1e8,flag_seychelles,ğŸ‡¸ğŸ‡¨,"""flag: Seychelles"""
1757,u+1f1f8-u+1f1e9,flag_sudan,ğŸ‡¸ğŸ‡©,"""flag: Sudan"""
1758,u+1f1f8-u+1f1ea,flag_sweden,ğŸ‡¸ğŸ‡ª,"""flag: Sweden"""
1759,u+1f1f8-u+1f1ec,flag_singapore,ğŸ‡¸ğŸ‡¬,"""flag: Singapore"""
1760,u+1f1f8-u+1f1ed,flag_st_helena,ğŸ‡¸ğŸ‡­,"""flag: St. Helena"""
1761,u+1f1f8-u+1f1ee,flag_slovenia,ğŸ‡¸ğŸ‡®,"""flag: Slovenia"""
1762,u+1f1f8-u+1f1ef,flag_svalbard_and_jan_mayen,ğŸ‡¸ğŸ‡¯,"""flag: Svalbard & Jan Mayen"""
1763,u+1f1f8-u+1f1f0,flag_slovakia,ğŸ‡¸ğŸ‡°,"""flag: Slovakia"""
1764,u+1f1f8-u+1f1f1,flag_sierra_leone,ğŸ‡¸ğŸ‡±,"""flag: Sierra Leone"""
1765,u+1f1f8-u+1f1f2,flag_san_marino,ğŸ‡¸ğŸ‡²,"""flag: San Marino"""
1766,u+1f1f8-u+1f1f3,flag_senegal,ğŸ‡¸ğŸ‡³,"""flag: Senegal"""
1767,u+1f1f8-u+1f1f4,flag_somalia,ğŸ‡¸ğŸ‡´,"""flag: Somalia"""
1768,u+1f1f8-u+1f1f7,flag_suriname,ğŸ‡¸ğŸ‡·,"""flag: Suriname"""
1769,u+1f1f8-u+1f1f8,flag_south_sudan,ğŸ‡¸ğŸ‡¸,"""flag: South Sudan"""
1770,u+1f1f8-u+1f1f9,flag_sao_tome_and_principe,ğŸ‡¸ğŸ‡¹,"""flag: SÃ£o TomÃ© & PrÃ­ncipe"""
1771,u+1f1f8-u+1f1fb,flag_el_salvador,ğŸ‡¸ğŸ‡»,"""flag: El Salvador"""
1772,u+1f1f8-u+1f1fd,flag_sint_maarten,ğŸ‡¸ğŸ‡½,"""flag: Sint Maarten"""
1773,u+1f1f8-u+1f1fe,flag_syria,ğŸ‡¸ğŸ‡¾,"""flag: Syria"""
1774,u+1f1f8-u+1f1ff,flag_eswatini,ğŸ‡¸ğŸ‡¿,"""flag: Eswatini"""
1775,u+1f1f9-u+1f1e6,flag_tristan_da_cunha,ğŸ‡¹ğŸ‡¦,"""flag: Tristan da Cunha"""
1776,u+1f1f9-u+1f1e8,flag_turks_and_caicos_islands,ğŸ‡¹ğŸ‡¨,"""flag: Turks & Caicos Islands"""
1777,u+1f1f9-u+1f1e9,flag_chad,ğŸ‡¹ğŸ‡©,"""flag: Chad"""
1778,u+1f1f9-u+1f1eb,flag_french_southern_territories,ğŸ‡¹ğŸ‡«,"""flag: French Southern Territories"""
1779,u+1f1f9-u+1f1ec,flag_togo,ğŸ‡¹ğŸ‡¬,"""flag: Togo"""
1780,u+1f1f9-u+1f1ed,flag_thailand,ğŸ‡¹ğŸ‡­,"""flag: Thailand"""
1781,u+1f1f9-u+1f1ef,flag_tajikistan,ğŸ‡¹ğŸ‡¯,"""flag: Tajikistan"""
1782,u+1f1f9-u+1f1f0,flag_tokelau,ğŸ‡¹ğŸ‡°,"""flag: Tokelau"""
1783,u+1f1f9-u+1f1f1,flag_timor_leste,ğŸ‡¹ğŸ‡±,"""flag: Timor-Leste"""
1784,u+1f1f9-u+1f1f2,flag_turkmenistan,ğŸ‡¹ğŸ‡²,"""flag: Turkmenistan"""
1785,u+1f1f9-u+1f1f3,flag_tunisia,ğŸ‡¹ğŸ‡³,"""flag: Tunisia"""
1786,u+1f1f9-u+1f1f4,flag_tonga,ğŸ‡¹ğŸ‡´,"""flag: Tonga"""
1787,u+1f1f9-u+1f1f7,flag_turkey,ğŸ‡¹ğŸ‡·,"""flag: Turkey"""
1788,u+1f1f9-u+1f1f9,flag_trinidad_and_tobago,ğŸ‡¹ğŸ‡¹,"""flag: Trinidad & Tobago"""
1789,u+1f1f9-u+1f1fb,flag_tuvalu,ğŸ‡¹ğŸ‡»,"""flag: Tuvalu"""
1790,u+1f1f9-u+1f1fc,flag_taiwan,ğŸ‡¹ğŸ‡¼,"""flag: Taiwan"""
1791,u+1f1f9-u+1f1ff,flag_tanzania,ğŸ‡¹ğŸ‡¿,"""flag: Tanzania"""
1792,u+1f1fa-u+1f1e6,flag_ukraine,ğŸ‡ºğŸ‡¦,"""flag: Ukraine"""
1793,u+1f1fa-u+1f1ec,flag_uganda,ğŸ‡ºğŸ‡¬,"""flag: Uganda"""
1794,u+1f1fa-u+1f1f2,flag_us_outlying_islands,ğŸ‡ºğŸ‡²,"""flag: U.S. Outlying Islands"""
1795,u+1f1fa-u+1f1f3,flag_united_nations,ğŸ‡ºğŸ‡³,"""flag: United Nations"""
1796,u+1f1fa-u+1f1f8,flag_united_states,ğŸ‡ºğŸ‡¸,"""flag: United States"""
1797,u+1f1fa-u+1f1fe,flag_uruguay,ğŸ‡ºğŸ‡¾,"""flag: Uruguay"""
1798,u+1f1fa-u+1f1ff,flag_uzbekistan,ğŸ‡ºğŸ‡¿,"""flag: Uzbekistan"""
1799,u+1f1fb-u+1f1e6,flag_vatican_city,ğŸ‡»ğŸ‡¦,"""flag: Vatican City"""
1800,u+1f1fb-u+1f1e8,flag_st_vincent_and_grenadines,ğŸ‡»ğŸ‡¨,"""flag: St. Vincent & Grenadines"""
1801,u+1f1fb-u+1f1ea,flag_venezuela,ğŸ‡»ğŸ‡ª,"""flag: Venezuela"""
1802,u+1f1fb-u+1f1ec,flag_british_virgin_islands,ğŸ‡»ğŸ‡¬,"""flag: British Virgin Islands"""
1803,u+1f1fb-u+1f1ee,flag_us_virgin_islands,ğŸ‡»ğŸ‡®,"""flag: U.S. Virgin Islands"""
1804,u+1f1fb-u+1f1f3,flag_vietnam,ğŸ‡»ğŸ‡³,"""flag: Vietnam"""
1805,u+1f1fb-u+1f1fa,flag_vanuatu,ğŸ‡»ğŸ‡º,"""flag: Vanuatu"""
1806,u+1f1fc-u+1f1eb,flag_wallis_and_futuna,ğŸ‡¼ğŸ‡«,"""flag: Wallis & Futuna"""
1807,u+1f1fc-u+1f1f8,flag_samoa,ğŸ‡¼ğŸ‡¸,"""flag: Samoa"""
1808,u+1f1fd-u+1f1f0,flag_kosovo,ğŸ‡½ğŸ‡°,"""flag: Kosovo"""
1809,u+1f1fe-u+1f1ea,flag_yemen,ğŸ‡¾ğŸ‡ª,"""flag: Yemen"""
1810,u+1f1fe-u+1f1f9,flag_mayotte,ğŸ‡¾ğŸ‡¹,"""flag: Mayotte"""
1811,u+1f1ff-u+1f1e6,flag_south_africa,ğŸ‡¿ğŸ‡¦,"""flag: South Africa"""
1812,u+1f1ff-u+1f1f2,flag_zambia,ğŸ‡¿ğŸ‡²,"""flag: Zambia"""
1813,u+1f1ff-u+1f1fc,flag_zimbabwe,ğŸ‡¿ğŸ‡¼,"""flag: Zimbabwe"""
1814,u+1f3f4-u+e0067-u+e0062-u+e0065-u+e006e-u+e0067-u+e007f,flag_england,ğŸ´ó §ó ¢ó ¥ó ®ó §ó ¿,"""flag: England"""
1815,u+1f3f4-u+e0067-u+e0062-u+e0073-u+e0063-u+e0074-u+e007f,flag_scotland,ğŸ´ó §ó ¢ó ³ó £ó ´ó ¿,"""flag: Scotland"""
1816,u+1f3f4-u+e0067-u+e0062-u+e0077-u+e006c-u+e0073-u+e007f,flag_wales,ğŸ´ó §ó ¢ó ·ó ¬ó ³ó ¿,"""flag: Wales"""